TRUNCATE TABLE configurations;
INSERT INTO configurations (id, identifier, label, value) VALUES (1, 'emailServer', 'Configuration Courriel', '{"auth": true, "from": "notifications@maarch.org", "host": "smtp.gmail.com", "port": 465, "type": "smtp", "user": "", "secure": "ssl", "charset": "utf-8", "password": "", "online": false}');
INSERT INTO configurations (id, identifier, label, value) VALUES (2, 'ldapServer', 'Configuration serveur LDAP #1', '{"ssl": false, "uri": "10.2.95.60", "baseDN": "", "prefix": "MAARCH", "suffix": ""}');
INSERT INTO configurations (id, identifier, label, value) VALUES (3, 'connection', 'Méthode de connexion', '"default"');

TRUNCATE TABLE docservers;
INSERT INTO docservers (id, type, label, is_readonly, size_limit_number, actual_size_number, path) VALUES (5, 'ORIGINAL', 'Documents originaux', 'N', 50000000000, 3493851, '/opt/maarchparapheur/docservers/original_documents/');
INSERT INTO docservers (id, type, label, is_readonly, size_limit_number, actual_size_number, path) VALUES (2, 'ATTACH', 'Documents joints', 'N', 50000000000, 25655151, '/opt/maarchparapheur/docservers/attachments/');
INSERT INTO docservers (id, type, label, is_readonly, size_limit_number, actual_size_number, path) VALUES (1, 'DOC', 'Documents principaux', 'N', 50000000000, 22848151, '/opt/maarchparapheur/docservers/documents/');
INSERT INTO docservers (id, type, label, is_readonly, size_limit_number, actual_size_number, path) VALUES (3, 'SIGNATURE', 'Signatures utilisateurs', 'N', 50000000000, 680508, '/opt/maarchparapheur/docservers/signatures/');
INSERT INTO docservers (id, type, label, is_readonly, size_limit_number, actual_size_number, path) VALUES (4, 'ESIGN', 'Document avec signatures électronique', 'N', 50000000000, 5262958, '/opt/maarchparapheur/docservers/esigned_documents/');

TRUNCATE TABLE groups;
INSERT INTO groups (id, label) VALUES (1, 'Administrateur');
INSERT INTO groups (id, label) VALUES (2, 'Utilisateur Rest');
INSERT INTO groups (id, label) VALUES (3, 'Utilisateurs');
INSERT INTO groups (id, label) VALUES (4, 'Initiateurs');
INSERT INTO groups (id, label) VALUES (5, 'Administrateurs fonctionnels');

TRUNCATE TABLE external_signatory_book;
INSERT INTO external_signatory_book (id, label, type, connection_data, otp_code, message_content) VALUES (1, 'Signature externe Yousign', 'yousign', '{"apiKey": "a24291dc9d3475ec4fddded67df782b9", "apiUri": "https://staging-api.yousign.com"}', '["sms", "email"]', '{"otp_sms": "eSignature : votre code de sécurité pour confirmer la signature de vos documents est {{code}}", "notification": {"body": "<div>Bonjour&nbsp;<span class=\"mceNonEditable\"><tag data-tag-name=\"recipient.firstname\" data-tag-type=\"string\">Pr&eacute;nom du destinataire</tag></span>&nbsp;<span class=\"mceNonEditable\"><tag data-tag-name=\"recipient.lastname\" data-tag-type=\"string\">Nom du destinataire</tag></span>,<br /><br /></div>\n<div>Des documents mis &agrave; votre disposition requi&egrave;rent votre signature ou validation.<br /><br /></div>\n<div>Merci de cliquer sur le bouton ci-dessous pour les lire :<br />&nbsp;<span class=\"mceNonEditable\"><tag data-tag-name=\"url\" data-tag-type=\"button\" data-tag-title=\"Acc&eacute;dez aux documents\">Lien d''acc&egrave;s</tag></span>&nbsp;</div>\n<div>&nbsp;</div>", "subject": "Document à traiter"}}');

TRUNCATE TABLE groups_privileges;
INSERT INTO groups_privileges (id, group_id, privilege) VALUES (1, 1, 'manage_users');
INSERT INTO groups_privileges (id, group_id, privilege) VALUES (2, 1, 'manage_documents');
INSERT INTO groups_privileges (id, group_id, privilege) VALUES (3, 1, 'manage_email_configuration');
INSERT INTO groups_privileges (id, group_id, privilege) VALUES (4, 1, 'manage_connections');
INSERT INTO groups_privileges (id, group_id, privilege) VALUES (5, 1, 'manage_groups');
INSERT INTO groups_privileges (id, group_id, privilege) VALUES (7, 2, 'manage_users');
INSERT INTO groups_privileges (id, group_id, privilege) VALUES (8, 2, 'manage_documents');
INSERT INTO groups_privileges (id, group_id, privilege) VALUES (9, 2, 'indexation');
INSERT INTO groups_privileges (id, group_id, privilege) VALUES (10, 2, 'manage_groups');
INSERT INTO groups_privileges (id, group_id, privilege) VALUES (11, 1, 'manage_history');
INSERT INTO groups_privileges (id, group_id, privilege) VALUES (12, 1, 'manage_password_rules');
INSERT INTO groups_privileges (id, group_id, privilege) VALUES (13, 4, 'indexation');
INSERT INTO groups_privileges (id, group_id, privilege) VALUES (14, 5, 'manage_users');
INSERT INTO groups_privileges (id, group_id, privilege) VALUES (15, 5, 'manage_documents');
INSERT INTO groups_privileges (id, group_id, privilege) VALUES (17, 5, 'manage_history');
INSERT INTO groups_privileges (id, group_id, privilege) VALUES (18, 1, 'indexation');

TRUNCATE TABLE password_rules;
INSERT INTO password_rules (id, label, value, enabled) VALUES (1, 'minLength', 6, true);
INSERT INTO password_rules (id, label, value, enabled) VALUES (2, 'complexityUpper', 0, false);
INSERT INTO password_rules (id, label, value, enabled) VALUES (3, 'complexityNumber', 0, false);
INSERT INTO password_rules (id, label, value, enabled) VALUES (4, 'complexitySpecial', 0, false);
INSERT INTO password_rules (id, label, value, enabled) VALUES (5, 'lockAttempts', 3, false);
INSERT INTO password_rules (id, label, value, enabled) VALUES (6, 'lockTime', 5, false);
INSERT INTO password_rules (id, label, value, enabled) VALUES (7, 'historyLastUse', 2, false);
INSERT INTO password_rules (id, label, value, enabled) VALUES (8, 'renewal', 90, false);

TRUNCATE TABLE users;
INSERT INTO users (id, login, email, password, firstname, lastname, picture, "isRest", preferences, substitute, refresh_token, reset_token, password_modification_date, failed_authentication, locked_until, signature_modes, x509_fingerprint) VALUES (2, 'ccornillac@maarch.com', 'ccornillac@maarch.com', '$2y$10$C.QSslBKD3yNMfRPuZfcaubFwPKiCkqqOUyAdOr5FSGKPaePwuEjG', 'Clovis', 'CORNILLAC', 'data:image/png;base64,iVBORw0KGgoAAAANSUhEUgAAAhAAAAIwCAYAAADXrFK/AAAgAElEQVR4nOydeXBUZbr/taasqampW/c3Oo4Lg4ggIq6jcxVRHBV1ZBERB5WoLGogbIZ93yEJEJKQhYQsJGRfO519705IQkKnydZJOoRkIquoMDMK2QhJnt8fXrwsWbr7nO7n9DnfT9Xnrxna7vOe9/s8Ocv73nUXAAAAAAAAAAAAAAAAAAAAAAAAAAAAAAAAAAAAAAAAAAAAAAAAAAAAAAAAAAAAAAAAAAAAAAAAAAAAAAAAAAAAAAAAAAAAAAAAAAAAAAAAAAAAAAAAAAAAAAAAAAAAAETE03PvS34++74MDvB0iwjxjUuKPqRNjg2qTE86fDI3NfyMNjPqh9Lc2J/0RYkdhjJ196nKjN6z9bl0uaWQLrcU0pnaHGqpyuw7WZHWYyhTd1cVq7oqtIntpbmxP+WnhV9QxQYejw4/qAoO8HTz83b/1M3N7THu3wwAAACAIfD2cHnz8CEvr8SYQ8WZqtBThVnRl04cTepsqcrqu9EE2NozdblUXaLqKsiI/C4+IiAv8KDXlv2urmO5jxUAAACgSHx8XCeGBHrtVcUGlR/Nib58pjaHpUGw1CZ9eq82I/L7hMiAoiB/zx0uLhsf4D6mAAAAgKzYvXvT8CB/zx2JMYElR3OiL7fWZLNdUbCmJbkx/44OPZji4+M6kfuYAwAAAHaHj4/rxNBgH/+MxMMNVcWqrkvNWvbibmsNx5KvqeKC9YF+7t/4+Cz7LfeYAAAAAJLD98C+WdHhB1W5KeHnmqsyermLt9Q8bcjpS08Mrffz2vsF91gBAAAAbLi7u/8+8KDXlrT44LpGXWoPd4G2J6uKVV3R4f7p+11dx3GPIwAAAGB1PDxcx4SH+BzWZkRePN+Qx16I5WBhVvSlkENe7txjCwAAAIiKm5vbo+EhvpElubH/+qFJw15w5WqjLrUnOuyg2tXV9T7uMQcAAAAsYvfuTcMjQnzCjmZHXf4eTYNN/bY2uy8p+lAp1pkAAABgFwQGLrgn8KDH9vy08AsXTxawF1Kl+50xn9KTDjf6erm9xX1uAAAAAHfg6+X2lio2qLzpRDrenJCgP57SUHrS4UYPD9cx3OcKAAAAcFf4Ye/Q49qEK9wFEprmmbpcig47qOY+bwAAACiQ/a6u4xKiDx1tqc7E1QY7taYkueugj7sj97kEAABAAfj67vskJyW8Fc82yMNLzVpSxwZXeXqu+B33uQUAAECGBAbsX1+WH/cTd8GD1vHE0cRObw+XN7nPMwAAADIhyN9zR3lB3M/cBQ5a329rs/v8ffc7cZ9zAAAA7BQ3N7dHI0J8ImpKk69xFzVoe0MCvfZyn4MAAAAkzu7dm0b4Htg3K+SQl7sqNqi8JDf2X9wFDPIbHOCxm/vcBAAAwIyf194vQg95HYgN989KSwipL8yM/LG6RNV11pDDXqigdMUbGgAAoCBcXFweigjxCctRHWmtKlZ1cRchaL+eNuT0+Xjue5f7nAYAAGAlEhISfhPkv39rbmr4mQvGfPbCA+Wj8Xhqj6fn9tHc5zgAAACRiQj1jW44nnadu9BA+VpZnNTp4+U+lftcBwAAIAIRIb5xTXrsOQFtZ2jgAV/u8x4AAICF+Hnt/UJflNjBXUygMo0N98+6665ftmkP8t+/NTbcPytHHXa6NDf2p6M50ZczVYeb4iMC8kODfA75ers7cM8XAAAAd911V3J80AnuAgKhOeuDVBWruqLD/JJ27949jHv+AACA4ti/3+3Fck38Ve7CAaGlXjDmkzo2uGr37k3DuecTAAAoAj/vvXP/WZ3Vx10AIBTDf1Zn9QX5e+7gnlcAACBr/H08lp9ryGMPfQjFNjHmUDH3/AIAAFkS6Oe5kTvkIbSmqrhgPfc8AwAAWeHv57EEC0JBJYgrEQAAIBJ+3nvnnsdtC6ggIw77RHHPOwAAsGvc3Nwea67KwOJQUFGeqc0hDw/XMdzzDwAA7JajOdGXucMcQg7V8cHV3PMPAADskuiwg2ruEIeQy/MNebgKAQAA5uK5Z89TZ+py2UMcQk4TogM03HMRAADsimx1WAt3eEPIbXNVRm9g4IJ7uOcjAADYBQcOuE7nDm4IpWJEiG8c95wEAAC7IDf1yFnu0IZQSoYEeu3lnpcAACBpfLzcp3KHNYRStOF42vW0hJD6hMiAopsN8T+wx9XV9T7uuQsAAKykJoTUcgc1hPZoQXrkhcOHvLy45zAAANgcd3f335+pzWEPYgjt2dpjyd245QEAUBShgT7e3OELoVwszY39ab+r6zjueQ0AAFYHr25CKK5N+vReX999n3DPbQAAsCpN+nTseQGhFQzy99zBPb8BAMAq+Li7v80dshDK2dBAH2/ueQ4AAKITEui1lztgIZS7If4H9nDPdQAAEJWE6AANd7hCKHfPGnLI03PvX7nnOwAAiEZOSngrd7hCqATLNPFXuOc7AACIxtHsqMvcwQqhUjwS7B3CPecBAEAUdJr4Nu5QhVApnqxI7/HxWfZb7nkPAACCqSlNvsYdqhAqyejwgyrueQ8AAIJBAwGhba09pr7GPe8BAEAwFUWJ7dyBCqHS9PPZ9yX33AcAAEEcy4v9iTtMIVSaafHBddxzHwAABJGbGn6GO0whVJonK9J7uOc+AAAIQhUTeIw7TCFUogcOuE7nnv8AAGAxkSG+R7iDFEIlGh16MIV7/gMAgMX4+ez7kjtIIVSiWarQZu75DwAAFuPjs+y35xvy2MMUQqV5XJuApa0BAPZNaS7exIDQ1jadSO/lnvsAACCIuEj/XO4whVCJcs99AAAQhKfnnmd+PKVhD1MIlaar64b7uec/AAAIQpsReZE7TCFUmm5ubo9yz30AABBEYMD+9dxhCqHSdHHZ+AD33AcAAMFgYy0IbSv3nAcAAFGICPGJ4A5UCJXimbpcNBAAAHmQkJDwG0N5Sjd3sEKoBA3HkrGtNwBAPgT579/KHawQKkFtZtT33PMdAABERZsZ9QN3uEIod2PD/bO45zoAAIjKflfXsa012X3cAQuhnPXz2fcl91wHAADRCQ7wdOEOWAjl6smKtB7uOQ4AAFZDFRNYxh20EMrRhOhDR7nnNwAAWBU8DwGh+Hp47B3PPbcBAMDqFGXFXOIOXAjlYlWxqot7TgMAgE1wcdn4gE4T38YdvBDKQVVMYBn3nAYAAJvh4uLy0GlDNnv4QvvUeFzN/h2kYpD//q3c8xkAAGyK8XhqD3f4QvtSkxRAMYsnUfIXT1JywHb27yMF/bzdP+WeywAAYDPwWic01QvGfMqOPEBRq2f+0jjcZGrIXvbvx62Pu/vb3PMZAABsgpvb+j+crEjH1Qc4qCUZYRS7ewklzHvujsYBTcT/eSTYO4R7TgMAgE1QxQaVc4culKZ1x1SUcGAjxS54ddCm4XZj3ZzZvzuXWclhLdxzGgAArI6Pu/v7PzRp2EMXSstjOREUtWWeWU3D7cYseoPKcyLZf4utPWvIITe39X/gntsAAGBV9EWJHdyBC6XhD00ayon1pSjnaYIah5tVfTGO4txX0rmGPPbfZ0sjQnzjuOc2AABYjcjDfvHcQQv5PVOXSykhbhS7cKJojcMdtzQWvEqpIXvYf6utrD2W3M09vwEAwCp4eu555mx9LnvQQj616mCK3v611ZqG/oxznEApwS7sv90Whgf5BHHPcwAAEJ2s5LAW7oCFtveENpbi9q2i+K9fsmnjcEcj8fUrlBy4i+TcxDbp03v2rl37X9xzHQAARMP/8OHl3OEKbWdNcRIlHdxK0cv+zto09Gf81y+Ryn8H+zGyltFHDqZxz3cAABBMdGvniAOGTk2pVsUerNC6VhREU4LXBopZNIm9STDF2AWvUlaUJ/14Sl5vBLVUZfZ5eq74HffcBwAAi4hpbXvggKFTs1Tf1+eq0rKHan1ZMmVFeVKS31bKjfOjpoo09u9k7zbqUig/MYDi9q2imIWvszcElhq99O+Un+DPfjzFNCLEJ4w7AwAAwCxiWtse8K7rzPxG39vnqCNy1BEZ9emsYRrvsbbfwhG1YjolH9xGurwo9sCXuq3VWaRNDqJEn80UteEziv/qf9gLv9hGOU+h9CPu7MdaDHWa+DbuLAAAAJPor3Fw1BEdSOLdbTPRZ6PpBWTFdIrzWEsaVSCdqZPvg3ZD2ahLoaNpoZTsv4OitsyjWCf7vbpgrvHzX6DmSt6GVyx9Dx76hDsXAABgYIjuDqhvP7jiRG/PzY2Do45oYUkbNVdlsgVoaoibsL9I/7ehyIs/KKutoy8Y86n6aCJpVIco+dBuit2zgqLWO1DMknfYC7gUjNrwGfsYiWFYspoC6tt97yK6mzsmAADgFg43ts3bXHX96u2Nww0DVHx/yeUn+IteWOK+/B+KWu9AST6bSJMUQLXFiXTBmM9eKG5uDBrK1XQsJ4I0SQGUfsSdkg5u/aVB2PolRa2aafb+Ekq1KPUw+3gK1ajPIEcd0eaq61cPN7bN484LAAC4K/af3X/dU3utdaDGwVFH5HT0JzpryGEJzrLscEqc84zNik2c4ysUtWI6RW/9kuI81lJqyF7SqAKpOD3MQg9TQdIhyo72prSwfZQc6EKJvlso3nMdxe5xpphdiyh6y5cUtWE2Ra36kGIWTaL4+S+wF105GbXpc/YGQAw3p+l/nZOuNV2tsf/s/it3fgAAFEh445X7PA0dRYsr+gZsHG7onZjFEpi1xYkoplCwSXOeovMy2EtDlZp0y7xcXNFHBwydmvDGK/dx5wkAQAkM8pzDQBr1GTYPy+bKdIpznMBefKBMlMFiUxeM+bSwpO2O+bniRG8Pno8AAFiVoZ5z6M9tKWU2D8ozdbkUvew9/qIDZWPCvOepSW//64W4qrQDzlU8HwEAEJ3Q5qv3u9d2VC0wo3G4YU5Oks1DMmrNLPaCA+Vn1NYv2RsAoSanJw06XxfoiDwMXZWhzVfv584dAICdE1Tftm6lvsfk2xU365x31uYBGbd3BXuhgfK1ON2+38j41pBj0txdqe/pCapvW8edPwAAOyS88coY15quQd+uGMqgZNte8s2J9WEvMFDexjq9TqdreRdEE+qG9BqT57BbTdc/wxuvjOHOIwCAnRBg7PS/fRVJSzQct10DUVOcRIlzn2UvMFD+Rq38kC6eLGBvBCz1cHKKWfP4G31vn399ux93LgEAJEyY8efxO6q7LwttHBx1RBvSa2wWiGfqcil28RvshQUqx+gdjuyNgKXqS9QWzekd1d2Xw4w/j+fOKQCAhEgg+o2PoV1typoOphqbaruHJ6M2zGYvKFB5JnhtYG8GLHVpwUWL5vXiij7yretQJRD9hju3AADMhDe3/2VzZfcVsRoHRx3RwtJOm21AlRywk72QQOWq8t/O3gxYoocqT9Ac31LZ/TNWsgRAwRwydhxYqu8T/KzD7e5OLrZJCJblRLIXEAhTgl3ZGwKzG+8hXuc0xWX6vr6A+vaD3DkGALAhoc1X73et7jojduNww9QM69++uGDMp9hFf2MvHhAmf/EkxXmspUvNWvbGwFRry1NFm++uNV2tWDcCAAUQarz6yeoTPdet1Tw4Hu+jczbYNyDG1Zm9aEB4s1EbPpPUjqxD6XT0imjzfvWJnu6wxjYH7nwDAFiBQKJ7fOo7s5wqrNQ4/K+b0iqtHnxFKcHsxQLC/oxe9h5VFsazNwemuDVFJ+rcd6og8qnrzMCeGgDICGs8KDmQoclqq4be6dpsinN8hb1QQDiYcR5rJb+D56HkNKtkwI7q7st4wBIAGRDU0L7DGg9KDqS+xLoNRPTWL9mLA4SmGLvgVcqO9mZvFAYyPUv4g5QDuUzf1xfY0O7CnX8AAAsIJLrHvaaj2laNg6OOaFnBBasGHpaqhvZo1IoPKC/+IHvDcLu15da5AnGz7rUdVYFE93DnIQDARGKarz21tar7J1s2D446IneV9S7ZnjZkU/zXL7EXAwgtNdp5Gp3QxrI3Dje7sKTN6rmwtar7p5jma09x5yIAYAhCGjuWLj/R22vr5sFRR5SYZr3XN2Pd8NYFtH9Vc8ZRovdG+r5Jw948XG4ppHXpBptkw/ITvb0hjR1LufMRANAfRHd713dmL2BoHG5YWZpilZCrKIhmD34IxTRq9UeS2NXTXZVvs3xYoCPyruvMxFsaAEiImNa2B3ZWd//I1Tg46oiciq9aLeSinaexBz6EYhu95iP2BsLcnTnFcGd1948xrW0PcOcmAIonrKl9xpoTPd2czYOjjmhzqt4qAZcWto896CG0ltmRB1gbiOT0RJa8WHOipzusqX0Gd34CoFgCjJ1Bi3Ti7aApRH9Vuujhdro2m+Lnv8Ae8hBay6gVH7A2EKVaFVtmLNL1UYCxM4g7RwFQFkR3e9Z1lnI3DTebmSX+A5QxrkvZAx5Ca1tbksjWQDRXZ7Fnh5ehsxjPRQBgAxLO0e92VXdd4J70t9tQkSZqsJ3QxrEHO4S2MN5zHetViIWlHez5sau660LCOfodd74CIFtCGn4evaWy+2fuyX67C8q6RQ+1qHWz2YMdQlsYtfQd1gZief5Z9gxx1BFtqez+OaTh59HcOQuA7DhibJ9q1V00Bbgms1HUQCtOP8we6hDa0oZy6y4BP5jrbbQWhCmuPtFzPbKpcyJ33gIgG4Iarjotrehln9wD6aoSN9BilrzDHugQ2tL0I+5sDcQudTF7htzsN/revqCGq07cuQuA3RNQ137I2ltwCzVQlSpamGVFebKHOYS2Nnr712wNhFdSDnuG3K5TBVFAXfsh7vwFwG6R2psWA5mcLt5T5LELXmUPcwhtbfzXL7E1EMHJqewZMpBehs5i7hwGwK5IOEe/c63tauGevKZaXpQsSpClhuxhD3IIuSxIOsTSQESprbettxi61na14A0NAEwgkOiePbXXWrknrTm2irSmf6zT6+whDiGXUZs+Z2kgktKl3UDcaCKwLTgAgxDxPf1+Z1XXRe7Jao4LjveIEmI5sT7sAQ4ht40662xIN5gZWTzLWZurS821CxHf0++5cxoAyRHeeOW+bdXd/+KepOa6PPe0OJdRl+LNCwjj9q2yeQOhLeBbztpct1d1X0YTAcBNhDdeuW9TVfdV7slpiRvSqgUHWElGKHtwQygFE+b9hc415Nm0gSgrTGbPEXObiNDmq/dz5zYA7MS2dAy31+bBUUfkoioSfvVhvQN7cEMoFVNC3GzaQFQfs/2W3kLdXNl9Jbq1cwR3fgPARljTlbHrT1zv5J6MQvROzBIUXg3lavbAhlBKxi5+gy41a23WQJw8kcGeI5a4ofJ6B5oIoEjCmq6MXXOip5t7Ego1NFnYErwJXuvZAxtCqalJCrBZA3HakM2eI0KaiKjmq+O48xwAmxHe1PGSHJoHRx1RXKrK4uC61KylOMdX2MMaQqkZ7TzFZg3EWYP0VqI0x7WVPdfCjD+P5851AKxOTGvbA+sqr3dxTzqxTBGwCmWhOoQ9qCGUqsXph23SQJypte8GwlFHtKnqeltMa9sD3PkOgNVIvUT/tbWq+z/ck01M83IsbyCitn7JHtIQStWo1bNs0kB8a+dXIG64tar7P6mX6L+4cx4A0QkkumdXTff33JNMbEu0lt3COG3IJtWccewhDaGUPZYTYfUGorXWfp+BuN1dNd3fY8VKIC+I7nap6TrNPbmsYWWpZSvnZYR7sIczhFI3ar2D1RuIluos9hwRU5eartN3Ed3NHfsAiMLe2q567kllLY36DAtvX8xnD2cI7UFdfrRVG4jmqkz2HBHbvbVd9dy5D4BgPA2d5dyTyZqeNli2kVb8/BfYgxlCezBq3WyrNhCnZNhAOOqIPA2d5dz5D4DFeNd3ZnNPImtrybK7pZlH2EMZQnuyPDfSag2EvS4kZYre9Z3Z3HUAALM5WNcRxT15bOH3TRqzAwuLR0FonlGrZ1qtgbDHpazN8WBdRxR3PQDAZAKN7TsXSGDi2EJLAivaeQp7IENobxalhlilgSjV2s9unJa4QEcUUN/mxl0XABiS0Ma2uU66PvZJI9UGorU6iz2IIbRHo5ynWqWByMlJYs8Ra7tI10dhDe1fctcHAAbkyMn26cv0vX3ck0XKDQRWn4TQcvMTxd8jQ50h/wbCUUf0jb63L/zk1Te56wQAdxDZ1Pbccn1PL/cksaVOxVfNDqtE3y3sIQyhvRqzaBL9YMFzR4MZkyLvWxg3u/pET3d4c/tfuOsFAL8it/0tTG4giv5jdlhFbZjNHsIQ2rMpwa6iNhCHk+X9EOXtrj9xvTPS2P4Qd90A4K5Aonu2Vnf/m3tScLiwpM3ssIr7ajx7AENoz8Z/9T901pAjWgPhp5Lva5wDub26+18+zfRb7voBFI5rTVcr92Tg1Jyg+rYGD1BCKIZx+1eL1kC4q/LZc4TDPbVdLdz1AygYua8yKXYDUZYTyR68EMpB1Zxx1FCmFqWB2JZSxp4jXHoaOoq46whQID6GdjX3yS8FzQmqzAhsoAWhWEZtmidKA7E6q4k9Rzj1q+9I5K4nQEGEGK9+urhCOWs9DOZ5M5ayxgqUEIprSUaY4AZicdG/2HOE08UVfRTW2ObAXVeAAghv6hi2Ut/Tw33SS0VzNtOK3rGAPXAhlJPRS/8uuIHgzhApuFLf0xPb0jGcu74AmbOzpvsH7pNdSp48Yfp23lFrZrEHLoRyMy1sn8XNQ70ujT1DpOLO6q7vuesLkDFK2F3TXGvLU00Oq5jFk9jDFkK5Gf/1S3SmLteiBqJEm8yeIVISu3cCqxBcf3WJUjbIMseqY6Y3EPHzX2APWwjlaILXeosaiFSFLGNtqgt0RMENV7/hrjdARoQ1XRnrrO9V1DLVplpelGxyWHGHLIRyNXHOM9RUkWZ2AxGmxhWI23XW9/ZGNV8dx113gAzwaabfbqnq/on7pJaqJVrTGogmfRp7yEIoZ2P3OJvdQHgl5bBniBTdWtX9n7uI7uauP8DOca/pqOY+maVsQZ7KpKCqPprIHrAQytnEuc+avcT1dgUvIjWUnobOcu76A+yYoIb2rdwnsdTNyEoyKajKssPZA9Zc4x3Gkt8Ho2jP5Edp66RHaOXEYbTw5Qdp3osP0LwXH6Av//oALRr/EDm/9jCt/dufacuk4bTr3RG0b8pIOvD+Y3Tk4zHsvwH+Ytisx+nA+4/Rvikjade7I2jzW8Np7d/+TM6vPkyLxj9EX/71gV/HdeHLD9LKicNo66RHaO/kR+ngjFEU7zCW/TeY5MFtZjUQq7JPsWeIlA1qaN/BXYeAHRLaeGXCUn1fH/cJLHVVqaY1ENrkIP5wHcJ4h7HkMW0kLZvwMP3jmT/SO4//P8HOfPo+WjbhYdoz+VGK+AQNha088vEYcn3vUVryykP04VP3iTKWHz/7R3J+9WHymvYYJX4mzYYidsGrZjUQC0s72DNEyi7T9/XFNF97irseAXuC6O6Nld1t3CevPRilNq2ByIs/yB6uA3lwxiha8spDohSZoZz1zC9FyH3KSEqQaBGyR+MdxtLeyY/SsgkP00dPi9P8DebkJ/5AyyY8TAEfjmb/7bebHe1t2nNJlZns+WEPbq/u/heehwAm42noKOI+ae3Fw8kpJoVVdrQ3e7DebOzsJ2jb24/QLJGuNFji1LH30orXhlHIR4+zHw97NeDD0bRswsM0+Yk/sI3j7Ofvp13vjpDMbY6o9Z+YNCePalTs+WEvYtMtYBKhjW1zsd6D6fqoMk0Kq4wj+9mDNfkL215tMMc5L/yJvKY9xn587EX3KSPJ4fn72cftZic/8QdyfvVhCprJe1VC9cU4aq5MH3JOJqVjDQhTXaAjOtzYNo+7PgEJE9vSMXyVvuc698lqT7qpNCY1ECkhbqyhGjbrcZr34p/Yi8xQfvHCn8h7OhqJ/gvjk+QxdSTNlljj0J+Lxj9E0Z8+wXasMiM9h5yTh5KxjLU5rjrRcz26tXMEd50CEsWluusM90lqb25LKTOpgUgO3MUWppvfGs5eUMzVafxDFCeRS+JSMOrTJ+jLvz7APi7mOHXsvbT73REsxyvGbdmQc3Jncil7ftibLtVdZ7jrFJAg/g3tIdwnpz26NqPOpAZC5b/d5iHqMXUkzXxanCfwOZz59H2SfEjP1nq//xi9/+S97ONhqZ8+dz8dnDHKpscs2nnKkHPSueAse37Yo/4N7SHc9QpIiJD6K+8vruhjPzHt0WWaiyY1EIk+m20aoGv/9mf2wiGWu5j+ipWCG960v6tHA2nLqxEJ854bdD6eqcUKlJa6uKKPIhquvMZdt4AESDhHv1tXeb2L+6S0Z01pIBIObLRJcCZ+NpacxkvvIUmhrn/jz+zF3Naufn0Y+3EX2zWv224cv63JGnA+FubjAUohbq66fjXhHP2Ou34BZvDKpnBPlKqHbCDiPdZaPTAjPxkjuSfzxXTVxGHsRd1Wrpwov+bhho4vPWiTVz5rigdeoyU4OYU9N+xdvNqpcMJPXn3TqYL/RLR3s7ISh2wg4vavtmpYRn/6hE0WELLU95+8l2Y980ea88Kffl0y+XbnvPCnIZ/ZkMpaA9Y0dvYTgx6DmU/fN+RxnPXMHyX93MScF/5k9ePYqBt4jZYtKTr23LB3nXR9dKSx7V3uOgYYSCD6zZbK7p+5T0I5eCR56B054/ausFpQJnw21uZXHiY/8Qf69Ln7yfGlB2n167/sm+Dy9xHkPmUk+U4fRUEzR1P4x2MsfpMidvYTFPKPx8ln+mPk8vcRtOmt4eT23qPsxd1W7n73l9/s8vcR5DP9MQr5x+MUO9uy1yLjHMbSkY/HUNDM0eQ7fRS5TxlJLn8fQVsmDafVrw8jx5cepI+f/aPNF6NaNP4hqx7Dcw15/c7FH09paGFJG3tuyMGtVd3/4a5lgAEfQ7ua++STix5JQ+8AGOO2zGpBueZ16zww+cG4X/7SXTrhIdr45nDaM/lR8p8xiqIY3++H1jXykzF0cMYocnvvUZ96jYMAACAASURBVNr45nBa8spD9Plf/mS1qxl7J1uvKRxoLpZqsQKlmPrVd0Rz1zNgQ8Kb2/+yBG9diOZ2E9aCiNm92CohGTRztChBPn3cvbTgpQdp81vDyWf6Y4q4VQDNM3b2E3Tg/cdo45vD6ev/eZCmidBUvP/kvVZZ72OwTbWCk1PZM0NOLqnoo+jG9he56xqwETurui5yn3Ry0pS1IKJ3LrRKqC98+UGLgtvh+ftp9evDaN+Ukdh2G1ps6D8eJ7f3HqUVrw2jj5+17BmcLZOGi/69opa+M+Bc3JRayZ4ZcnNnVddF7roGbEBAXZs398kmN5doLw/dQGz9UvzwnvW4ySE954U/0fo3/kzeuLoArWjs7CfIc9pIWv36MJOfy5k+7l7Rv0eU87R+5+EFYz57XsjVgPo2N+76BqxI7Ledjy6t6O3jPtHk6PkBHti6YdSWeaKH5NZJjwwYyjOeuo9WvDaMvKahYYB8xs5+gtynjKQlrzxEU8cOfMtD7JUqo1bP7HceZmVj/QdrueJEb0/0qa7HuOscsBJ7artauE8yuVqqVQ1+BWKL+Fcg+tsbYc4Lf6L9U0eyFw4IbzfeYSztendEv7c6Nr4p7m2MqFUf9jsP3VW4AmFN99R2tXDXOWAFghquOnGfXHJ2qFc5Y3YtEj2Qb75EvOb1P1PYrMfZiwSEpug/YxQtumnF1MWviPtKZ5Tz1H7n4ZKif7FnhdwNbrj6DXe9AyKSQPSbdVU9WK7aim5MrRy0gYgP9hQ9hB2ev58+fvaPFPIRGgdon3pMHUnTx91L8158QNTPjV30tzvmoLYAr2/awnVVPV0JRL/hrntAJPzqO6K5Tyq5uyG/hXQFcQM2EKqIANHD1++DUXi+Adq9cQ5jrbJb5+1zMHbvSorbt5zWab5lzwu5i7UhZEJMa9sD3+jx4KS13JFxglQ75lDynHEUs3gSnam9c1GpBl0q5ScfYQ9qCJVkaW7Mr3PwXEMeJcz7yy//25ynSLXzS9qWVc2eH3L1G31vX6Sx/SHu+gcE4l7TUc19MsnRRcc6KWHfN3eEVuziN+hoWihdbimkysI4yoryoqLMGDqWHc8eqBAqyfT4UKr5343uBlqHJdZjDTmVdbPniRx1r+mo5q5/QABHjO1TF0jgRJKbm/JOUorzmyaFmGrec/TDqULSaVTsgQqhkqzQJNN5o2bI/1/KyndoQ34Le67IzQU6oiPG9qncdRBYyPbq7kvcJ5Hc9IuKoeR5z5geZDu++uVqxNFU9kCFUElWFafR5ZZCSlo9Y8j/r3r+s3QgTs2eL3Jze3X3Je46CCwg0Ni+ifvkkZtBoeY/CJkVspcutxSSoSyDPVAhVJKG8gy63FJIaZ7rTfs3c54k/4gj7DkjNwON7Zu46yEwg4jv6fd4bVNcI/x2WRRixRlRdLmlkBp12eyBCqGSbNT/8kBzfuwhs/5dyGFf9ryRk3it087wru/M5j5p5GToof0Wh1iDLpsutxRSc3Uue6BCqCRban5ZXr5Ck2z2vz10JIQ9d+Skj6FdzV0XgQmEN14Zs1jXy37CyMUtuQ2UPPdpiwJMNfdputSspcsthXTaUMAeqBAqybP1BXS5pZC+NeSb/W/V85+l9QWt7PkjF5dU9FJ445Ux3PURDAFe2xTPhcevU8rytywOMNWWOf+3C2Dj0E+DQwjF82KT9tf5l+Q43ux/r149hT2D5CRe65Q4Mc3XnnLS9bGfKHIx5sBmQQGW7r/rlgWluAMVQiV589xT715s0WeEHtrPnkNycZGuj8Ia257hrpNgAHD1QTxXFP1o8a2LG+Ynhty6nPX8F9hDFUIlqPr6pVvmXkbgHos+R/3VC7S05Gf2PJKLuAohUXD1QVxjPFYLDrEK7a07dKoWv8YerBAqQdWSN27dSEsVZvFnHfF3Y88juYirEBIFVx/E07n4X+YtFjWA//zfp8B/vYWx8n32YIVQCarWfHjL3DtRmGLxZ6kdXySnsmvsuSQXcRVCYuDqg7hG+u4QHmBfvXjnjpybPmcPVggV4db5t8y91po8QZ8XFBrAnktyEVchJAauPohrysp3BAfYzW9g/Pogl4tlD3JxGf7xGHJ771Fa/fowmv/XB2j+Xx+gaU/eS+88/v9+ddqT99L8vz5AyyY8TDveeYSCZo5m/94Q45myx/nOBv6rFy3/zM2fsOeSnMRVCImAqw/iuqLoR1ECLP3g9jsCLMVzHXuwmlJkNr45nD56+o+3FBZznPbkvbRswsPkOW0k++9RukodzzTvzXc2EFvmWPx56vnP0oLjWF9HLHEVQiLg6oO4HjoSIkqAFcQH3RFg6Yd2swfrQPp9MIrm//UBi4vMQH709B9p45vDKXb2E+y/UUkqfTwzAvfcMf9SvbcI+kyPxCz2fJKTuArBTGRT50RcfRDXxN1fixJgx/OT7giw7DBP9mC93fCPx1il0PT3V+yOdx5h/71yF+P5i7mRPnfMv7zog4I+M/rAJvZ8kpO4CsEMrj6Ir3r9h6IE2KnKnDsCrCDOvE19rO2Odx654x64tXV4/n4K/3gM+2+XoxjP/1Nz2xosl1sKqTQ7TtBnJu2cz55PchNXIZiIbu0csQhXH0Q3ZfkkweGlmv/CHeF1uaWQClPC2YM1+YsnKXb2E7Tw5QdtWmhu/+vV7b1H2Y+DXMR43unRtMg75l+DLkvQZ6rXTWfPJ7m5SNdH0a2dI7jrqeLAjpvWMWXhS4LDS7Xp834bCKF/AYlVbByev5+t2Nys1IqOPYrx7N/jeYn9zkEhn5mydCJ7PslR7/rObO56qigS/k3/vVzf08s98HI0ee5TgsOrvyfAL7cUkl5r+WI2cis2Uiw69ibGc2CritP6byAELOamnv8cez7J0RX63p6Ef9N/c9dVxeBX3xHNPehyVYzwygn37je8DGUZrKEq5OG6mU/fR/NefOBXp44V7167VIqOvYnxHFhjRXa/czAreK+gz+XOJ7nqV98RzV1XFcOaE9e7uQdcrooRXiWZsf2G16mqXLZAXf36MJMLgMPz99Pq14eR23uP9vuAXPjHY0R9WG/ak/dK8kE8KYvxHNzW2rx+52BJZqygz+XOJ7m6trLnGnddVQQB9W1u3IMtZ8UIr0Zd/3/9nGvQsISp3wejTCoyAxWY21024WHRis0Nl014mLXg2JMYz6G92KTtdw4aK7IFfS53PsnZQGP7Ju76Kns2V12/yj3QclaM8OovuMR4iMtSB1uFcNmEh81arjj84zGiF5sbcv/Vai9iPAdXNf95q81B7nySs1urun/irq+y5rCx/SvuQZa7gsNro8Pg4bX4TZuG6cY3h/cb7gtfftCigN/+ziNWKzgb3xzOUnDsSYzn0KqWTx50DiZtmG3xZ3Pnk9w9bGz/irvOypadVV0XuQdY7goNrzTfbYOGl2r9JzYN09v/Wp359H3k98Eoiz/PmusNzHvxAZaCY09iPIe2v43sbjbNx/IlrbnzSe66VHed4a6zsiT8VNfb3IOrBIWGV34/K+DdrK135Lz56fqFLz8oeA8DIZsyDeW0J+9lKTj2JMZzaFP2rRh0DhYkBFv82dz5JHcX6oiONLa9y11vZYenobOce3CVoNDwqjqaMvhfP96bbRqmHtNG0rwXHxDt1TprFZsbchQcexLjObTp/jsHnYNC1mPhzicl6GnoLOeut7IikOieZfrePu6BVYJCw+tcg2bQ8Mo67M5ehFBwoJzHMzfizo20bvZsfYHFn82dT0rwG31vn08z/Za77soGvLppO4UEl2rJpEGD63KL9DbUMldrrnzo8Pz97L9PacpxPDWq0CHnoWrR6xZ9Nnc+KcWA+jY37rorG/DwpO0UElxql8VDBldxRhR70RCiNR+6W/jyg+y/T2nKcTyPZccPOQ+Tdy606LO580kp7qzqushdd2VBeFPHSwslMKBKUUhwZYbsGzK4KjRq9qIhRGu+9rf9nUfYf5/SlON4DrQPxs1mBrpZ9Nnc+aQUnSqIwow/j+euv3aPp6GjiHswlaSQ4OpvC+HbNZRnshcNIcpx4SElK8fxPHmi/5Vgb7ZIHW7RZ3Pnk5L0NHQUcddfu2elvqeHeyCVpJDgqj2WPmRwtdbmsRcNocpx6WMlK7fxPGcsGHIeVpWkWfTZ3PmkJFfqe3q4669dE2hs38Q9iEpTSHBdaBz8DYzLLYV0qZlnOWsxDf94jKi7N04dy7/5kpKV03iq5j495By83FJI541aiz6fO5+UZrCxbTl3HbZb8PCk7bU4uIZYPveWJ8CdJrIXDaF6TBspWsHxmDaS/fcoXbmMZ5Lze6bPwyWTzP587nxSmliZ0kKiT3U9hocnba+lwZXitsz04FrzIXvBEEO39x4VXGzEWhAJYjyTv3iSVJs+N3keqnebvyosdz4pTacKopCGn0dz12O7w8fQruYePCVqaXBlh3laNbikqse0kRZd/p469l5ceZCg9j6e6n2rTJ6HWSF7zf587nxSoj6GdjV3PbY7sG03j5YGV3F6lMnBle67lT1oxTT84zFmPYi3bMLDeOZBwtrzeGYccjV5HlryJgZ3PinRzVXXr3LXY7siqvnqOO5BU6qWBldNaYbJwZUT4cMetNYqPNvfeYQWvvzgLSscOjx/Py18+UHa/s4jkik0UJ7jmR8bYPI8rDpq/p4Y3PmkVGOarz3FXZftBty+4NPS4Dpv1Fr1Lx8I4dAWZ0SbPA9ba8x/pZo7n5QqbmOYAW5f8GlJaKmcJpocWpdbCul4gYo9aCGUo5VFarPmomr+c2Z9Pnc+KVXcxjCR8JNX3+QeLCVrUXBtmWdWaNWVZ7EHLYRy9OSJHPMaiPWfmPX53PmkZHEbwwS86zuzuQdKyVoSWum+W80KrTN1lm8nDCEc2Asnh17M7WZTPNaa9fnc+aRkcRvDBHD7gldLQisvxt+s0LrcUkiquU+zhy2EcjLJcbzZ8zDnyAGz/hvc+aRkcRtjCHD7gl9LgsuU7YPvaCBWTGUPXAjlZNKaj8yeh0fTIs36b3Dnk9LFbYxBwO0Lfi0JrvrjmWYHl3qnI3vgQign1S6LzZ6H1aXmbarFnU9KF7cxBgG3L/i1JLjONZh33/VySyGlHtjEHrgQyslU3+1mz0NzX+Xkzieli9sYA4DbF9Iwee5TZgWKqbv/3W52mCd74EIoJ3MifMyeh2btjjv3afZ8gkQRLZ1vcddryYHFo6Sh+svnzQotc3b/u1mN6jB74EIoJwuTwy2ai6pFb5j0+eqvX2DPJ0jkV98RzV2vJcf26u5L3AMDidSLXzUrtFRb5lgUWuV5ieyBC6GcLM9PsqyBWDfLpM9PWTqRPZ8g0fbq7kvc9VpSJJyj3zlV8A8MJErZMMOs0ErZt8Ki0DKUZbAHLoRy0lBm+n40N6t2WWLS56s3/oM9nyCRk66PIr6n33PXbckQaGzfxD0o8Bfj3UwLkxumB+yyKLS+rctnD1wI5eTpunyL5mKq73aTPj/OfQV7PsFfDDS2b+Ku25Jhn6GrgXtA4C8eOhJiVmjlRvpaFFqXmgtJNce8BzYhhP2rmvMUXWo2fx5ebimkbBMXk/KLimHPJ/iL7jUd1dx1WzKs1Pf0cA8I/MX1Ba1mBZelD25dbikk1fLJ7MELoRxUrZhq8Tw09YHmFUU/sucT/MW1lT3XuOu2JAhvap/MPRjwVtWr/m5ycJXnJVocXMnbv2IPXgjloHqno8Xz8Fh2/NCfv/5D9lyCtxre1D6Zu36zg9c3pWfoof0mB5e52wffbJrXBvbghVAOph7YZPE8rCxSD/n5QaGB7LkEbxWrUt6F1zel6DclP5F6nmmbXVWXplkcXJmHPdiDF0I5mB3mafE8HGo5a/XXL5BTWRd7LsFbVfzrnOFNHcPw+qY0NfVtDEtfHbvcUkj5ieY9sAkh7F+NKtTieTjUK9UxBzaz5xG8U8W/zhlQ3+bGPQiwf9cXtFKyCW9JNOqyBdx7jWMPXgjlYFmO+Tvi3rBBlz3g56rnP0vOxf9hzyPYv4p+ndO9pqOaewDgwMbtWz5kcJ2qzLE4uKqKzdsJEN6p7/THyMdO9Z3+GPvxk4s1x9ItnodNVTkDfm6E3y72HIIDq+jXObH7prRdWnqFUha9PGhwtdbkWSW4oGn6zxjF3ghYqv+MUezHTy6eqsq1eB62DLAjZ8rySbTw+HX2HIIDq9jdOVMv0X856frYBwAO7l61ZtDgOlNXYHFw/dCkZQ9eezdo5mj2RsBSg2aOZj9+cvGHU5bNwcsthXS6n1Vh1fOfo63ZBvb8gYO7SNdHCf+m/+au5zYn2Ni2nPvgQ9MMiAgfMLguNGosDq7LLYWk+vol9vC1ZyM/GcPeCFhq5Cdj2I+fHExyHC9oDp5vuPOPBHdVPnvuQNMMNrYt567nNse7vjOb+8BD0w0KDeg3vIQE1+WWQkpa9QF7ANuzSZ8/Sb4f2N9tDN8PRpFKAsdPDqrWfChoDl48edOVwDlPkVdcCnveQNP1ru/M5q7nNmdnVddF7gMPzfNwsM8d4SW0gVDvdGQPYHs3bNbj7A2BuYbNepz9uMlFIatQ3vDGZ/nEqthzBprnzqqui9z13LYQ3b1M39vHfeCh+R4KC7olvITewkjzXM8ewFI1aenblLztS0rz3kw54d6UE+k3oOqAPRS56xsKWvIBe3MwlCFL3yf13hWUFbx30N+UE+5Nqd5bKHn7V78cCwmMiRRN8VwnaA6ea9CQ+stnyV2Vw54v0Hy/0ff23UV0N3dZtxnY/8K+3ZV+nFIWjafkL56k0wbLH6K83FJIab7b2AOYS9X8F0i1bhap962irOB9pFWF0fECFTXqLX819tf72kYNNVfnUm15Jh3LSyJ18H4K3fQV+c16xiZNwuH1c0l1aB+V5iRQbVkGNVXl0vkGYc3m5ZZCatTn0PECFWlUoZQZso9S9q4g1dpZpJr/PPt4cpnmu03QMW2tyaMN+S3suQItV1H7Yvg3tIdwH3AozKWlVyj6wGZqrrb89bHLLYWUHuDKHsA2axjmPEXqHY6UF+NPhvIMi7dfFuIPpwpJX5hCSYHuFLB4qmgNw8H5f6ME3910XKOi75u0Nv9dl5q1VHssnXKj/Ch5yzxSfTGOfbxtZcYhV2FNWY2GPU+gMP0b2kO467rN2FPb1cJ9wKE41p8QdgUiK3gfewBbtWlY/Bql+26lY9nxovwFLraN+mzKjA6gw6s/N7tpCFr2IaWFHSBDeRb777jds/UFVJoZQ6kHNpJq4QT288CaZh72EHSsak8UsOcIFOY+Q1cDd123GWsre65xH3AojtV6YUUxK8yTPYBFbxrmPkMpHmupQqOmS822/2tcSDMR57GJfD4YfG2JiG2LqbrE8k3UbO0PpwqpPC+RUvY4k8qE5dntzewjBwQdH70OVyDs3Q2V1zu567pNiD7V9dgCCRxwKI7HywU2EKHy2ZFT9c27lB8bKGhxLSnYVJVLcV5b72gcwrctploBm6dJwdbaPMqNOkjJi99kP1+k0kAcKy9kzxEozAU6opCGn0dz13erE2hs38R9sKF4lpQLC3RZbOm9YTaV5yawF0exbdRnU8yetRTsPIt0GjX79xHbY9nxlLxhNv/5w9xAFB0rYs8RKFxFbKyFBaTkpbZUWIhn2/EtjKSlb9Ox7Dj2QgiFWZoVS6olb7CfT5aaG+Ej6PfnlxxlzxEoXB9Du5q7vlsdPEApL7OKSwSFV06kH3sAW2Kq73Y6Z7TvWxXw/zzXoKFUr43s55Ul5scGCvrtqUWl7DkChauIBymxA6e8jCvUCQqvgrhD7AFsjqq5z1BxRjR7wYPWUasKI9Xcp9nPM3PUqEIF/eYorZ49R6Bw5b8zJ9HdiyuwA6ecPKStERReGlUoewCbatKCCVRTms5e5KB1rSpOoyTHwbexl5JHUyMF/V4/TT17jkDhLq7oI1mvSIkVKOWnu/aUoPAqy4lnD2CTXPymKCtEQvuwQZdFSU6v8Z93JlihSRb0W10Kv2XPESiOsl6RMqCuzZv7AENx3Vz0naDwMlZkswfwUKo2fU7fGvLZixq0rc3VuZS05iP2828oT1UKa2zXF19mzxEojgF1bd7cdd5qeBo6y7kPMBTXb461Cw5q7gAeTKH7DED79mKTllLcV7Ofh4Mp9DcuKu9mzxEojp6GznLuOm81tld3X+I+wFB8Lwrc+8Caf+Wpv3iSMj97mvIcnqH82c9QwexnSfvpLxbMfpbyZz9DeQ7PUKbDU6T+/NZ/myPw9TgoHzMO7hR8PllD1bpZgn7X6XqsQiknt1d3X+Ku81bDWd/by32Aofgaq4WtRpkX4y96sKZ/No5yZz/9v+H+nIk+S7kOz1D6508JfrIdys/8Iz4Wn0/WaiDyYvwF/aZqPRoIOblS39PDXeetQlhj2zPcBxdax+M6YVcgWmvzRAvUtM/GUd7sZ8wI+Tstz4pnL1ZQmhYlhVp0TuXNfobSPhN/h9Bv64Q9m3MUq1DKygU6ovDGK/dx13vRCTa2Lec+uNA6Cl1M6nJLIeUcOSA4THMcnhbUOBTMeYX0Ap9oh/K3LDPW4nMsx0G8NSZyIv0E/xZ10TH2/IDietjY/hV3vRcd/4b2EO4DC61jqKZScJB9d1JLySvftyhI1Z8/KfiqQ57jW1RXnslenKB9qNeoqWDOKxZfjRD6fIRqzYei/I5ATS17fkBx9W9oD+Gu96Ljaego4j6w0Dq6FbaKEmYnK3MoacEEs4I05fMn//dBNsubh9zF0+hUZS57UYL2Ze2xDMr7+k3LrnbNfpZSP7fsloZq0RvUWpMnym/YqT3Lnh9QXD0NHUXc9V50sAeGfF1eelW0UK4pTTdrFcBcgVcectbNodMG7GkBLbPpRA7lLppiWeM6+xnzm4eFE6j+uHhXyhaXdbHnBxTXPbVdLdz1XnS2VnX/xH1gofU80yDsTYybrSvPItXXLw0ZplkOTwlqHrJ2LKELJ8X73lCZfmvIp+wVn1h2DjqY/oaGymkiGSuyRfvep2rxBoYc3VrV/RN3vRedlfqeHu4DC61nWZm4oXyyModUa2cNGKapn48j816pu1VNuPAH0CC84XmjhnL9XCw4F5+lNBNuZag2fU7N1eLctrgh3sCQp7J7lTOB6DcLJHBgofVMLjomeihfbNJS+sHt/QaqpQ9N5qybSyexp4XJnjyRQydPiPdXr9ytOppKuYsmm3VO5s0e/M2MzMMeVvmuCYXH2XMDiu9CHVEg0T3cdV80IhquvMZ9UKF1Paips1ooH8uOoyTH8b8GarrDOIuah/wgd/YCY09WaJIpyfFlSnIcT/pCNfv3sRfP1Wsox2WFWedmmkP/D0ta87j7YBdO2RrRcOU17rovGlgDQv5uKzxv1VA+bSignCMHKMlxPOXNNm+9h2zXVWQowyuapnqpWUu5kb63FrMvxlFOpB9daha2aJiS1OUlUc6q2WZfhVAtep3yYw/ReRGfK+rPzUXfsecGtI7Bxrbl3HVfNLAGhDK0RShfbNJSWWYc5bisGPQ9/OzVn5Em4iBezzTT43mJlLxl3sCX1LfMo+P5Sezf056sLU2nXD8XynUa+NZGwZzxpN6znI5l224VVO68gNZTVmtBYA0IZXiiwvZ/ndaVZVJZZhxpYw5RsTqc9Jpkq//lJhe/rcun2mPppFWFUer+dWa9PpvkOJ5SPNdRkTqcDGUZeBXWRJur80iXr6KjqiOkjTlEZZlxVMdwdUyvwxsYclZWa0FgDQhlqLLCg5RQHOvKs+hoWiRlBu2h5G1fkmr+CxYtYjTomwJfvUjqHY6UGbKPSjJiqEGHhy+lalJROXteQOspq7UgsAaEMvTUNrIHoxI9b9RSU2UOnShOpeL0KMo67E5ql8WkWjeLVIveEL1RMNvFb5Jq/SeUsseZVEH7qSA1iipL0uhUVS59dxLPVHDoqW1kzwtoPWW1FsTayp5r3AcUWt8VpVfYg1Hu1pRlUk7SETritYvcnefSmveeJudXHybnVx+mdX/7M3+zMITr/vbnX7/vDTfMGE+eqx0p0m8PFWdEk7ECr9la2+WlV9nzAlrPtZU917jrvmg463t7uQ8otI1NNXj+QCwbddlUmBJO6f67KHnDbAqb9fgdxfd2uRuEoRzq+4fNevyX2yHzn6fkrfMpM2gPlWbFir6IkpI9WV3AnhPQujrre3u5675oOOn62A8otI35JUfZA9JePdegoaMpkZTisZaSnF67o/jGO4wdsgBHfDyGvUkYyIiPxwhqgJKWvUMZB3fS8Ty8BSLEnJJi9pyA1tVJ10fcdV8Uols7R3AfTGg7gzXV7AFpj2Ye9hD1L3gpKuYVlKQFEyjnyAH2cbNHA7U17DkBrW90a+cI7vovmPCm9sncBxLazq1FF9gD0t5U71tlUtE05QrEtrcfoZjZT7A3C7cbM/sJ2vb2I0N+/3iHsWZ9bsr+1ezjZ29uPvo9e05A6xve1D6Zu/4L5rCx/SvuAwlt63kjnoMw1ZT9q0X9C9751Ydp1cRh5DVtpNnF2BrGO4wlr2kjadXEYSZ9d0uuoKR4rGUfR3vxvFHLng/QNh42tn/FXf8FE2hs38R9IKFtLS4rYg9KezA3wsesQuk/Y5RJRVgKjYS5jcMNg2aOtui/lxfjzz6e9mARduBUjIHG9k3c9V8wWMZaeR7RnmAPSqlbV55ldpF0n/KoWcX4Zt3eG2FxcTbHoJmjye29ERZ/T/cpj1r031V9MY6MFVi4aihDNZXs+QBtY0Bdmzd3/ReMd31nNveBhLbV2htrycGk1TPMLpKb3hpucWG++aqE23sjyH/GKFGelYiZ/QT5zxhFbu+NMPtqQ39uemu45d9n42fs4yp1sYGWcvQxtKu5679gPA2d5dwHEtpePAcxsEdTIy0q1EKL80ANxba3HyH3KY+S17SRFDRzNIXNerxf/WeMIq9pI8l9yqO07e1HRGkY7XJHDwAAIABJREFU+lNIY1OaHcc+vlIVzz8oS09DZzl3/RfMPkNXA/eBhLa3pJw/MKXopWYtqVZMtentC3vT0tsYyV88SUlrPmIfY6l6tLSQPReg7dxn6Grgrv+CcanpOst9IKHtjSjEcxD9eTwv0eyiGO8w1qS/9oNmjhblNoe13PTWcAqaOXrI/9+qicMEPfhZWZzCPs5SNEx7gj0XoO10qek6y13/BbO9uvsS94GEtnd70Vn2wJSiKXtXmF0QPaeNHLLobps0/NdmY9e7Q6+3YGt3vfvIr03BtklDNzme00Za3ECkem9hH2cpuq3oAnsuQNu5s6rrInf9Fwx24lSuF07iOYibPW/UmF0MTVn+2fnVO9dPCJo5ut+Nq2ztur/9+Y63P0xZz2LVxGEWPwuh+upF9rGWmhdOatjzANrW7dXdl7jrv2DQQCjXygo0EDd7vEBldjE05ZbEjasP/d368LRgLQYxXDVxGHkOsgaFKVchhLyRUXMsnX28pWRlBR6gVJqy2NJ7c9X1q9wHEvKYUVzCHpxS0tT9Lm5oynoKpvylHu8wlvxnjLLJ8xGb3hpO/jNGDfkMQ8zsJ0xqbNzeG2FRA5EfG8A+3lIy/egx9jyAtnVz1fWr3PVfMBsqr3dyH0jIY2xhBXtwSkm1y2KTC6Cpq076TH/M7FsiPtMfE7WZ2PTWcPKZ/pjZO4H6TH/MpM/3nzHK7AYizXsz+3hLySitnj0PoG3dUHm9k7v+C2ZtZc817gMJeQzDipS3mOT8nqjNg6V/nd98ZSJs1uPkOW0k7Xr3Edo2afigVwVWTRxG2yYNp13vPkKe00ZS2KzHBS+TbeqqleY2Eaotc9jHW0qGaKrZ8wDa1rWVPde4679gVup7ergPJOQxUFvDHpxSMunr/xmy8HmZ8MaFGM2DlDT1rREvM97MUC2fzD7eUvKgpo49D6BtXanv6eGu/4JBA6Fc/TT17MEpJVVfvzTo1QBTC+m2ScMlsdOmWMY7jDXpoUrnV299HXRQF7/JPt5S8oCmkT0PoG2VRQPhrO/t5T6QkEd/jYE9OKWkaskb/Ra7sFmPm/ymhJBVGqWuqattrpo4bMhtv1VLJrGPt5T00RrZ8wDaVmd9by93/RfM0ope9gMJeQzU1LIHp5RM3vjZLUUuZvYTtO1t0646rJo4zKKHCe1N/xmjTG6mtr39yIBvoKg2fc4+3lLSR1PPngfQti6t6CXu+i8YJ10f+4GEPAZpqtmDU0pmHNxJyV88SUEzR5vcONx43kFOtyyGMt5hrFlbgm97+5E7FqtKD3BlH28p6YdnIBSnk67P/hsI7oMI+TyCtzBuUZMSadaiTrvefcTsVyPlZMTHY8xalnvd3/5M7lMepaCZo7Er520GamvY8wDaXu76LxjuAwj5jCvUsQenlGytzTepCPpMf0xRVxyGMt5hLPlMf8yspbnPNmAV1JsN01ay5wG0vdz1XzC4haFck4uOsQen1Nw1//1fG4Vtk4bTtknDyXPaSAqaORpNg4nNRNDM0eQ5beSvx+/2xsJ9mQP7OEvNmMIK9jyAtlUWtzDwEKVyzTpazB6cUrNIHc5ehOVuaVYs+zhLTVURlrJWmrJ4iBKvcSrXwmNF7MEpNb87qaWkBRPYi6xcVS2ZRD+c4h9nqZl5tJQ9D6BtlcVrnFhISrnqdPzBKUVzjhxgL7RytSAhmH18paim5Ch7HkDbKouFpNBAKNfqE3iQrT/P1BVQkuPL7MVWbiYtfZt9bKVqaRm281aasmggsJmWcj1ZjQZiIAviDrEXXLlZnBHFPq5StbICDYTSlMVmWtjOW7merkcDMZA/NGlJtWIqe9GVjRs/Yx9TKdtQqWHPA2hbZbGdNxoI5codmlL3eF4if+GViYayDPbxlLKnatFAKM3NVdevctd/wWyuun6V+0BCHrlD0x5M3b+Ovfjau1mH3dnHUeq21qGBUJpbq7p/4q7/gtla1f0T94GEtndh2XX20LQHL5zU4FaGAFVb5tCPp7Ts4yh1T9ejgVCasmggtld3X+I+kND2Li7vZg9Ne7GpKodUC7E2hLkmOb9HZ+oK2MfPHjxrxEOUSnN7dfcl7vovGJearrPcBxLyyB2a9mRNaQap5j7DXpTtxSSn1+hUZQ77uNmLuAKhPF1qus5y13/B7DN0NXAfSMjj2QZcWjbH4wUqUs1/nr04S13V4tfIUJ7JPl72JB6iVJ77DF0N3PVfMJ6GznLuAwl5NFbh8rK5GsoySLXodb7ivOQNUq3/hNS7F1OazxbKCvWgrFAPSvPZQurdi0m1/hNSLXqD7fslrZ5BLTV57ONkb9bjNU7F6WnoLOeu/4LxMbSruQ8k5LG0DFcgLLGlJo+SN8y2UcMwiTIO7qTjeUl04aTp63ZcaNRQeX4SpftuJdXi12zyXdWuy+icEU2pJZaWFbHnAbStPoZ2NXf9F0xAXZs394GEPKYfLWEPTns2zXeb1YpxRuAeUddOqC5No/SAXVb7vrlRfuzjYc+mFZWw5wG0rQF1bd7c9V8wgcb2TdwHEvJ4RHuCPTjt3dLsOEpyHC9aIU712kjN1blW+74nT2STeu8K8a6QLJ9MNaVYJEqooZpK9jyAtjXQ2L6Ju/4L5rCx/SvuAwl5dNeeYg9OOdham0epBzYKK8RrPqSqkjSbfecKTTKplk+2/PvOf4GygvfShUYshy6Gewr/yZ4H0LYeNrZ/xV3/BRPe1D6Z+0BCHteU/Js9OOXkqapcSj+0m1TzXzD7dgXH973YpKVUL/MaH9WiNyg36iCda0DjIKYrSq+w5wG0reFN7ZO5679gols7R3AfSMjndyfxIKXYnjdqqCAh2KQVLEszY9i/r0k7j26dj900rSQWkVKm0a2dI7jrvyg46frYDybksVqPvyStaaMum46mRFKq73ZSbXSg5K9e/LUoF6dLpyBrVWG/fq8kx5cpecs8ygzaQ8ey4+jbunz27ydndcfRQChNJ10fcdd90XDW9/ZyH1DIY05JMXuAKs3TdflkrMhm/x6326DLxtLTDKYWlbLnALStzvreXu66LxprK3uucR9QyGOoppI9QCFUsoe0BvYcgLZ1bWXPNe66LxrYkVO57ta2sgcohEp2a+F37DkAbassduK8wZ7arhbuAwp5XFLWxR6gECpZ7gyAtndPbVcLd90XDU9DRxH3AYV8NlThQUoIOdTrsAeGEvU0dBRx133R8G9oD+E+oJDPrGI8SAkhh0lF5ezzH9pe/4b2EO66LxrBxrbl3AcU8nlIW8MepBAqUU9tI/v8h7Y32Ni2nLvui0ZEw5XXuA8o5HNT0UX2IIVQiS4r62Cf/9D2RjRceY277otGINE9CyVwUCGf57E0MYQ29WQ1nn9Qogt0RAlEv+Gu+6KyUt/Tw31gIZ+lZfyBCqGSzCouZp/30Pau1Pf0cNd70cFaEMo2SqtnD1QIlWQAFpBSpLJaA+IGWAtC2e4sPMMeqBAqyTXF/2Kf99D2ymoNiBtgLQhlu+B4L11sws6cENrCU7V4/kGpymoNiBtgLQhYhucgILSJWUfx/INSldUaEDcINbYv4j6wkFc8BwGhbfTT1LPPd8hjqLF9EXe9F53wxiv3LZDAwYV84jkICG3j8tKr7PMd2t4FOiJ/w09/4K73VgGvcsILjVgPAkJraqwqYJ/nkEdZvsJ5g+3V3Ze4DzDk9Wgpf8BCKGfVRcfY5znkcXt19yXuOm81PA2d5dwHGPIahH0xILSqe7TN7PMc8uhp6CznrvNWI6CuzZv7AENeV5f8mz1gIZSrF5u07HMc8hlQ1+bNXeetRnhT+2TuAwz5ra/CcxAQWsOiY0Xs8xvyGd7UPpm7zlsPorsXV/SxH2TIa0LhcfaghVCO+muwfLVSXVzRR3cR3c1d5q3K5qrrV7kPNOR1p/Yse9BCKDcvNWP7biW7uer6Ve76bnX2GboauA805Le1HrcxIBRTna6QfV5DPvcZuhq467vV8TG0q7kPNORXVXSMPXAhlJOBmlr2eQ359KvviOau71Yn0Ni+iftAQ363F+E2BoRi+UOTlpYew+0LJXvY2P4Vd323OiENP4/mPtBQGp6sLmAPXgjlIN6+gNGtnSO467tNWFvZc437YEN+Ywt17MELoRz00jayz2fI59rKnmvcdd1m7KntauE+4JDfNVhUCkLBnjVqacHxXvb5DPncU9vVwl3XbYZ/Q3sI9wGH0lCn07IHMIT2rPoo9r5Quv4N7SHcdd1mYEVKeENfbQN7AENoz64t/hf7PIa8ynsFytshuvsbfW8f90GH0vBsA65CQGiJx8s17PMX8rpM39sn+xUob2dnVddF7gMPpaGqqJw9iCG0Rw9oGtjnL+R1Z1XXRe56bnO86zuzuQ88lIarSv5Dl5r5wxhCe7K1XoOHJyF513dmc9dzmxNsbFvOfeChdCwuK2IPZAjtyehCPfu8hfwGG9uWc9dzm5Pwb/rvBRI4+FAauhR+yx7IENqL353U0hKsPKl4nXR9lHqJ/ou7nrOwofJ6J/cAQOlYrccGWxCaoqqonH2+Qn4VsQPnQLjXdFRzDwCUjtuLzuNZCAiH8EKjhpbh6gPUEbnXdFRz13E2Aurb3LgHAEpL9VHs0gnhYMZodezzFErDgPo2N+46zkZ4U8cwJ10f+yBA6biw7DqdrMatDAj782R1AS0su84+TyG/ThVE4U0dw7jrOCvbq7svcQ8ElJZbiy7QD6f4wxpCKfnDqULaWvgd+/yE0nB7dfcl7vrNjo+hXc09EFB6xhRWsAc2hFIySovXNuH/6WNoV3PXb3awLwYcyApstAUhXW4pJN1xLft8hNJSWftfDMJKfU8P92BA6bn0WAc11uB5CKhsjdUaWlTWxT4foXRcqe/p4a7bkmGfoauBe0CgNF1V8h86XY8mAirT1noNrSi9wj4PobTcZ+hq4K7bkiHQ2L6Je0CgdN1WeI6+O4nbGVBZXmjU0OYiPDQJ7zTQ2L6Ju25Lhojv6fd4nRMOpkvht/R9E5oIqAwvNmlpe9FZ9nkHpadTBVHCOfodd92WFHidEw6lu/YU/XgKTQSUtz+cKiRX7T/Z5xuUpnh9sx/wOic0RR9NA3vAQ2hNPbUn2ecZlK54fbMfQhuvTOAeGGgfumtP0UU8EwFl5ncntbRb28o+v6C0DW/qeIm7XkuSzVXXr3IPDrQPdxaepfNGvJ0B5eF5o4a2FZ5jn1dQ2ip6982h8K7vzOYeIGg/bi26QOeNuBIB7dvzRi2WqIYm6V3fmc1dpyVLREvnW9wDBO1Ll6Iz7AUAQiHuKjzNPo+gfRh+8uqb3HVa0uA2BjTXCK2evQhAaIlHNCfY5w+0D3H7wgRwGwNaYmUFnoeA9iX2t4DmiLcvTAC3MaAlbi38jr0gQGiql5oLaUPxD+zzBtqPUc1Xx3HXZ7sAtzGgJeaXHGUvDBCaYkZxCft8gfYjbl+YAW5jQEtcWXKFLpzErQwobc8atbTkWAf7fIH2I25fmAFuY0BLXJHbQtGJSewFAsLBPKStYZ8r0L7E7QszwW0MOJhLS6/QtkORtGzFSvrQYR69/v6n9MrU2fS3GXPon4YC9iIBYX826HPp1Wmf0tsffk6fOy4iZzdvctJeZp9PULri9oUFYG8MeLPLj16iHXv20teOjvTuR5/RhGmzacI0h37dtseLvVBA2J/fbNzZ7zn7+vuz6cPP5tOSdVtpWVYz+3yD0hG3LywgpOHn0U4V/IMH+VwflUuLvnGmyf/4nF6Z+smADUN/avPS2IsFhDebnJxg0rn7ytRPaeK0j2n2lwtozaE49nkI+VyoI4o+1fUYdz22S1yqu85wDyC0rTsDwmje1wvo9fdNbxb6c7LDQjpdh1sZUBo2VeXRmx/Os+hcfmXyLJoxez6tdPEgx7Lr7HMU2k6X6q4z3HXYbgk2ti3nHkBoXRcev047AsLoi/lf0+vvfyqoabjd5Zt2sxcOCC82aWnu0vWinNPjJ39MUz6eQ8u2u6OZUIDBxrbl3HXYrlmp7+nhHkQovlv9DpPD3C/ptakfi9o03K6bpy97AYHKdrPLfuuc31M/pamfzKWluw6wz2coviv1PT3c9dfu8TR0FHEPJBTHdaoymr9gEU2YMotemTrwQ5Bi+crU2fTcpA8pKDSUvYhAZRp0OMzq5/mEaQ40Ycqn9PG8hbQi/hj7PIfiiJ03RSDM+PN4PExpvy4puUIrN26jd2d+ZpsgvckX3vmInpv0IT036UNy9fShS83Y+hvaxkvNWtq935teeOcjm5/3b81woCUbtpFTWRf7/IeWiYcnRWRnVddF7gGF5rkms57mOy6gCVPMe3tCLF+a/MmvzcMNl63fSReb0ERA63qxSUtL1m3/9bx7aTLPHJgw5VNy+GohLU+pY88DaJ47q7ouctdd2RBQ3+bGPaDQNNfGHqVPv/iKJkwR94FIc3xl6mx6/rbm4YafL15DTdV57EUGytPGylxyWLj6lnPu+Ukf2uSW3YDzYcqnNO2TOeR8JIc9H6BpBtS3uXHXXdng00y//Ubf28c9qHBgNx5OoQ8+ncsWkjf74ruz+m0ebvjK1E8pK0PFXmygvExNTaTxUz/t95x78d1Z7PNiwjQHmjTjM1rqHsyeF3BgV+p7egKJ7uGuu7LC09BZzj2w8E7XhyTS9E/+f3tnHhXlmSX8pPNlZnoy5/R3ztff12d6MqdnNApFUWxVLFVAsa/FKkuxFTtFAaKyiaIYd0EEUdFoiBuKSYi4L4mtxhg1Ku7tlmhrFpNJJ52Z7kRxA+73R7pswCpqf+/zVt3fOb+/8pfUfe69eZ7nvU8u6v9hDdcvVncC1+WCpe3w9Q16fIu0zK+uH4aGBUsNxpsf4q7caAPjlFC+cBV6/iCft+1K/zHsemt3dF37MQD7hyX/bt2GPRDHUOMgi/v56MIzfJLRDYR7WDJEpBXSbgRptvv2vAehKflGxZpn+CSm1suzRqKtCz2fkH+369qPAdj11i6hy5T41mw9AvHKXPTEp0tJ1NhHF2NZWjsHbl6guxGkcV7r+wCKq2aZHGeSKDaOMkYbmpQFmnX70POLo0uXJ23I+usPirB/YEe1dud5SM4qgLEescLU728zHyxRHJkKjYtb4cKp99ELFMmmfSf2w6yFLSbvdI04ymBsF2K4Mcp8qOjpQ883jur66w+KsOusXUPPfHPrlN/fg9wSDcgYTnqyuJEzH6xhaW0jHPmAjjbIn33/QC8UTm2wSmxhzIYw1bQCNWh+/y16/nEk6dluDqBPOrmx4mQ/VFZVg38cOxe/9OkdnW7V5sE9LBlEQXEwTuAGfvJwaGlZBhdP7UcvYiS3nj2+DxYvaYbAxGyrx5d3tG1HuFtFRSYUTakB9elB9HzkCNKnmxwx/fzAY+wf255duLQZghPY3nHQKrXC0YUuhYHRME7gNsIMVSEc2LIaLp/ci17cSNt44eM9sK9rNSSmZT773V0DY20SY6xdqNRnYHwmTF9GX2zY0rpzT59g11WHoeNqfzf2D26Pztx3CVKz83iT2GRxWSCOtO7RhVYXWcRzDcQ4gRskJibCDpUAessDYG/HPPh43zb47MIH6IWPNM+b596HD3dtht3tDbC9xA92qAQQERM74jd38Y+ySYyJI9k/yhjeqCdl5UH1/hvoecoe7bja341dVx2Gnv+GX1X1DdIrnVZSc+oxVNdWg0zB/nHFcH11jKu2lgK/MJ0NxDiBG9QWZcAOlWCEvWXBsKu1Dg5tWwMn9m+D8x/ths/O02VMVvzs/Ptw/vguOL6vG97f0gE7m6ugt1T23O9Ylqt87vcWSMNtFme+WGOuzW0kYtNh+uvz0HOWPTmtb2Cw57/hV9h11aFYcfXhQewf3h6cvXUfRCA8dGVxIlNkgocFN+EN6ewbrLeBGCdwg9ay5OeKjy57C9zhaO9G9ALqqB7t3Qi9Be5G/VYLNWk6f2uBb6jN4syDwdkQxhiTmg0zdpxBz1/2IL26iUD3nYe/KzszhP7j89WKk/1QUVEOUoam45mixMC4aosbCEngmA3EOIEbrCiNN6ow7VAJYFdrHU295NB714/ArtY6o3+fZs0kvb+zs0+wTWNNwsiYa1P1i0mDabV16LmMz5adGYLuOw9/h11PHZKWS/0XsQOAjzZsOwThPNx1eJa4TBhXba4TvfwNNhDOHhJYo44xukjtqI6Ha2cOoBdXe/famQPQO83436VVkwATXD31/s5OErnN442lMdemKI3LhOhJmVB74CZ6XuOjLZf6L2LXUYdl4437ItqFMMHTQ1BZUwNSnt11GJGwzBhXbY4TPP0MNhDjBG4g9PKBtaVRxjcRKgEcfmctepG1Vw9tW2PSb7G8NNHgbzxR7G/zeGNxzLVJ6zImHWa1rMDPcTxSc2YItt16LMSuow4N7UIYZ93hu8yOoDZFSbRtjy6eNRDuPkY1ENqdiFZNkkmFa3tNIlw8sQe94NqL5z/aDdtrEk36DeaXpsNrQg/DDYSHlJOYk0Tz8yhjuLmFaqg48RN6vuODtPvAALQLYdiFq98CfwW/bnvr0lYzH3T5msjb6AZC6/Ti57/OMOSelY3w+ZXD6AWYr9698nvY3T7L5L97eW6G0b/rBHcfzuKOz7sQWkMTM2FOzxH0vMeytPvAELQLod9Zs2aCNJb/zYMszvrjqsdyvNDL5AZinMAN8jLTYLtKaFIx6y2VwQdbV8NX1+iSpbF+efUwfLBl5bPZDcb6br4HJCQaPrYY7niRhLO448OYa6OMVUJ9Mx1p6JN2HxiCdiGet+zkQ8jNLwIpo49fmaqPDWc+6HKci+GtbX1GxMRCV5HU5P8r7i3wgv3rltBgqjH89ML7sHftQujNN+7TzOGuLwkGmTzU5N9zvKsXp7Hnw7PZEPqUKjIhXzMZPReyJu0+MAjtQvzdusN3ITKFv19Z6EpEXCZw97BkGCdwN7uBGCdwAzdvKbRqEkwuclp3tdXDpRP70As2K174eI9Jn2WOdp46FZw9JGb9luOFnpzHnz0cZWiNSMkGzeHv0PMiK9LuA4PQLsTPNmzaA4E8eADLFMWRqQgNhPnNw3An5ynNLno7VALYXhkBBza2wZVTjtVMfH/rQ7h0Yh8c6FwK2yeHm/3368n3gJyMVMt+RxcPzuNPHJmKvu6saYAiAyq3HUfPj9jS7gPDOPouRENzG+/GURvSl4OZD6N1CzXtjNyQkTEK6CyNsKiR2KESQG+VAg5uarfrx7wuntgD+9e3wvYp0Rb/vdpL48E/WP9IcuN15zwG3cOSwZensyH0KY1VwpTWTvQ8iSntPjCMI+9CVFbX2NW2pyzO9uOq9TYQIYkw3sWyIwxd5memwdZCX4sL4w6VALZrAmDP8pnw0e4tcOfSIfTCb663LnwAH+7aDLtap5t8IVKfm0qCIDXFertI4wRuKA0EX8dcG1rTpdMd8y2NyWcHafeBdRxtF0J9ehCUuYXoicEWSqK4mfkwWlFwPEwQedmkiRB6+UB9cQZszxNZpVg+252oS4UDnc3w8f634caZg+iNgT6vnTkAx/d1w761i02e22DId/M8YXKuEpxE5n1BM5ai0CSUWJRE8X82hC5TCzTouZNr2670H8Ouj4QBNt64Lyo/M4geLFxYcfx/IDolBz0Z2EIuxlXrbyDiYKKb2GZNxDiBG4j9AqG2KAPeLpRYtYiOaCpm5cDejnlwpHc9nD++C+5c5m6n4valQ9B3dBcc7umEvavmQG9Dls3+nVuKZVCZlwFCL+OHf5nieBd3cAtJQItHvo65NmRUWi6UnHqKnkc5ydVn6c0L3uAIL3XWHLgJoUn4ScBWenI48+G5BiJIARPdxDZvIsYJ3MDZXQxF2enQWRJqswI7oqko8IDe+jTYtbQKDmxsgw93bYa+o7vg8sm9cO3MAbh5/n24fekQfPGHwyMe/7p3/Sh88YfDcPvSIbh57iBcPb0fLp3YC2eP7ISjvRvhQOdS2NU0FbbXpXDy79ihEsBqtQIy01KMmiZpSfMwQeQFouB4tHj0tJfZEDoMScyEkmP2P7mSXtzkEV3fwiv1FwYeYQeNrazrOQPyePs6Gx2ud1Q6WrJ2D0sGV3nsswZCqy2bCK2JCQmwpJS7AsxHe/Lc4fXSdAiNjLb57zHexf3Z7y8Kwmsg3MOSwTsqHX1d2kp5QiaUH/wCPa/ayvoLA4+6voVXsOsiYQLrrj+YhR04trC2+zD429lnmsPFmPlgTAMx0U0M44W2byLGCdxAIg2EqkIlbCmWoRdsVlxfEgJqlRJcxb6c/AbjhR4jfntRUBx6XNrbhcrh+iuUUL7zD+j51Rauu/5gFnY9JMxg7sUn32MHjzWd/lYvyOz0PFQrl+Oq9TcQMTobiIluYnjN1Xbb5bpUpk2CxeoUeCffC72Ic+2WIl94vTQdYuPiOf2bv+bq8dzvzkIDYTdjrvU2ERkw+d0+9DxrTedefPI9dh0kzGTT9QcKNQNBZA1nr+8BmR08iDWWXI+r1ttABOpvILT3Isa5cFfQtMYnJEBDiRI2F8vRi7utXFsaBdWFGRAeFcP533ecixtMEHnp/M1FwQr0uHQPs58x13pVKGHKOyfQ8601VJ8B2HT9gQK7DhIWsPTKo2vYgWSpczq32d2AqNFKFZngwUCC/rmB0H2EMbqJ4OpIQ5fy0AgoVWVAU2kKdBdYZ7YEhhtLQmCeOhWylang6euP9vccL3TX2zyw1EB4hNn3UYa2iZjacwY971oqDY2yAzbf+HHilL7BIexgMtcZ63faffMgi8MZV623gZCPvQMx8kjDE63ojW4oirLTYbE6Bd7i6IsOU+3Jc4c16ihoLFFCdnoKePjI0P9u4wRu8Jqrp8Hf2TWIjQbCPcz+xlzr0l+hhMreS+j511yn9A0Obbtz/zfY9Y+wAh1X+7uxA8oc6zfsBX8HaB4wZz7obCAMHGHo3I3g4CsNU5X5h6QmAAAan0lEQVQFhUJqSjJU5ClhnjoVVqsVsLko0OaNwgZ1CKzQJEBjiRLUKiUkJiaCt0yO/vcYraFdB9buQAzXXmdDjG4iyvd8ip6HzbHjan83dt0jrEQPwEt8+6yz/r2PHaJ5kCoywRNhXPXYDUS0SQ3EiN0IhLsR5ij2C4SImFjISEuBijwl1BZlQENxBjSWKGF+aRo0laZAiyYJVmgSoL00AVo0SbBYnQLz1KnQWKKE+uIMqC7MgJKcdEidlAwhEdHg7i1F/3cZpYtxuw4sNxCedjjmWpcBcRmg+eAr9HxsUu6+MPCoB+Al7LpHWJHO6/enYQeWsU7fddHuXtTUJ9a46jEbiADTdiBG70bYcrARaZmvCT2M3nUY2UCwc4Sh1V7HXI82KCETSk/0o+dlY+28fn8adr0jbEDT5Ue3sYPLkNVH7kFwgmM0D34MzHzQpdDEIww+HWs4qtqJkub+niI5ew2Ee1gy+DnALoQsLgsiU7LRc7MxNl1+dBu7zhE2ovuzR+Oqzg0OYAeZPss//gnC7Hg89Wgxx1WPpal3IMZsJFw9qZHgcePwrIFg5CuM0drzmOvRTsopQs/RY1nVNzjw9t2H/4Fd5wgb8sbV+0uwA02fsWkq9EXKld7RuOOqx24gDH/Gac79CGokuG0cTL3nwKc7EMP1jrbfMdejzSufhp6n9fnG1ftLsOsbwQHzLzz6L+xgG60yrxh9cXIlC+Oqx2wg9IyypkaCfa3dOPx9BwL3LQxDOsKFSq0VjYvR8/Vo51949F/YdY3giO4bD8QVZ4fQg07r5LoZDpUAxJFsHl1oFdmwgXh2tKG9bMmTrzaY1sX8y5H20kCIIx3nKEOqyISqVVvR87bWirNDsPnWA0/sukZwyMorD3ZiB17JGYD6ZR0gdYDPNbX6MjKueuwGQmGzQkS7EtbTVrsNOhuIkAT0uDSkr72PuR6uIgMq3zuHnr9LztDMB4ekB+ClORee/A9m4NVsOwZSBxgIo1WqyAQPxmY+6GwgguI4bSBG7EpQM2FU02DL3QadDURoInpcGtLDQWZDaA2MywT1sb+iNg+N55/8FbuWEUhsunE/UnMG5yij4vC3DjPrQaskkr2ZDyw1ENRMsNU0DNctNAk9Lo1REukYsyG0RqXmojUPmrMAm2/+FIJdxwhE2q70H+M8+E4PQZwyF33xcSlr46rH0i04Hr2B0NlMOMqdCRc3GC/0QG8ahosdk6boCGOuh5ujrkBpINqu9B/Drl8EA8w8/7Sf092Hysnoi45LWRxXPXYDkYBesIxqKOxod4KFXQa9ivjVQDjKmOvh+aWquYPT5qHh/JP72HWLYIRNNx8klHP0VcaCthUOdWlSFpcFkmh+HF08ayBC2G4g9DYUQo+fmwqWdylcfm4WWNthGFsJekyaqiTasY4ypLFKqNvJzaXK8rNDsOHGjzLsukUwxJprD96ydeDVHbwB/goHuikdx/7MB50NRGgSA0XL8qZC21i8JvR41lzYvMHQNgjaJmFYo8CPZkGHHt7oMWmOjrQLIYvLgrDkbCg5bfv/EVxz7cFb2PWKYJBFFx99YbPAOz0Ecek56IuMa70YHVdtyIkiBgoXR03GBFfPnxsNnXr8Td3/fQLfmwOjGghf9Hg0Ry8HGnOttUBj2/sQiy4++gK7ThGM0n3n4e9qzg08tUXgTautQV9cGLL42qZRDYS7N37hItnQ0w89Hs3RUV7rHG3tqm6bNA81fQNP377d/+/YdYpgmPU37uerrRx4M7v2gzTWsY4uhivmYRMx0cMHv3CRTOjsJUOPR1MVO2jzIIvLAllsOpQd/bNVc7j6DMCGG/fzsOsTwQOs+Wln2cmHEBTvuM0DX5sIJ09f9MJFsqGz2B89Hql5MM1J2QVWbSDok03CeABenH3h6U/WCLwitQZ9MbEin5oIJ08peuEi2dBZEoAej9Q8mKZUkQn1rWus0jy8fvHJDy8AvIhdlgge0XXtx4DKvqEhSwJvxpvvONwnm4bkSxPhJJahFy6SDQU+cvR4pObBDGOVUH7kO4uah8l9Q0Pbbj0WYtcjgoe8cfX+EnMDT3PqMQRS86BTPjQRzhJ/9MJFsqHAJwg9Hql5MM/k7EKLGoh11x4swq5DBI9pudR/0ZzAyy8pQ188LMt6EyHwDkQvXCQbCnxD0OORmgfzlCoyobp1nVnNQ8ul/ovY9YfgOStvwT+a+mrnzK37HeqVTXNluYkQ+AShFy6SDV2koejxSM2D+forlKA5+dCk5qHxwpO/rLwF/4hdfwg7YOutn1ym9g0OGhN4paefQlRKNvqi4YusNhEuvsHohYtkQ6EsHD0eqXmwzILSMqObh6l9g4MbP/3RGbvuEHZE57WfphgzH6Jh1kz0xcI3WWwiXKRh6IWLZENhQCR6PFLzYJnS2AyYse2owfytPgPQefWnCux6Q9ghK64+PDhW8E079DnIHHhglCWy1kQIZeHohYtkQ9eAGPR4pObBcmPScgw2ECuuPjyIXWcIO2b+xUff6gu+rLxi9EXCZ1lqIoQBUeiFi2RDV7kCPR6pebCO9U3tepuH+Zee/Am7vhB2ztu3+/+9um9gYHTwzeo+SDMfLNQ7WomeoLW6ymPQCxfJhm7B8ejxqNU7mnY4LTEgLgM0p5481zxU9w0MbP60/9+w6wvhAGy8cT9Lc3ZkACpS6eKkJbL27LdIrkAvXCQbuoUmocfjcB3tmW5rWzqlakTuLj87BG9d/ykDu64QDsSaa/1d2gBcsKyVFrWFekWkoifmEQ1EcAJ64SLxneAmQY/F0XpFpKKvV16ryIDK33/5rIF44/rDN7HrCeGAtF15+EnJGYDgeDq6sESfGHaOLrS6hSahFy+SAd190GNRlz4xdJRhiTmFJVByBqDtysNPsOsI4cC83trxE/Zi4LOsHV0Md6I7AwWMRNXJ0xc9DvVJu56W5Z1FR27dw64fhIMTX7Ps1xEFtQPYC4KvsnZ0MbKB8EEvYCSuzmIZehzqk44yzDexrvWx+ty5l7HrB0G8MHnVVlFQRjn6ouCbvgweXQzXydMPvYCRuAq82X7K25eOMkw2qmzO0KoTN3+LXTcI4hlTOt5ODphUhL44+CLLRxda6UVOkg8vcdJRhvGGFdRBy8ELUux6QRDPUdH+doMsUYW+SPggy0cXzxoIepHT4WX5IS2tdJRhnEGZ5bD4/Usq7DpBEHopW75tk5SBxcKyLH51oUsX3xD0AkbiyupDWqOlrzLGNmBSIcx5++N67PpAEAbJm//GYewFw6p8OLp41kDQg1oOrzAgCj0OjZWOMvSYqIKarkMbsesCQRhN5qy26+gLh0H5cHSh1dU/Er2AkbiK5LHocWisdJSh28p1e49h1wOCMJnU2qX3sBcPS/Ll6OJZAxFI72E4uiKG3sEwRjrKGKlm9c4r2HWAIMxk7i+Spy38AXsRsSCfji60ioLpPQxHl7V3MIyRjjJ+tmj5u3exKwBBWERwcPD/ip881+GnVfLp6EKrWwi9h+HQunujx6A50lFGFqiWbPoOO/cThFUIDs7/p6ji+sfYiwpLvh1dDBe9iJFoOnn5ocefuTryUUbanDU/vgDwInbeJwirEVxT8+uIgppB7MXFtXw8uhiukweNs3ZUncX+6PFniY54lJFc3/qQRlQTdklF2zZhaPaUIexFxqVekSnoidSiBkIsRS9kJI4Cbzl6/FmiV2QK+vrn0viqpidN5/74K+w8TxA2Y/Lyd/2DM8rQFxtXeoZPQk+klkjTKB1XF78Q9PizRM/wSejrnytjJs8baP7w8qvY+Z0gbM7UNb0J8nQ1+qLjQkl0GnoitUSBTzB6ISNxFMoi0OPPEiXRaejrnwsjShqG5u86J8LO6wTBGRWtXbFyZSn64rO1fL8DQdMoHVfXwGj0+LNER7gDEaVpHJx/4JIndj4nCM5RL+sKCMoot/s7EeII/t6DcA2IQi9kJI6iYAV6/JmrOML+7z/EVC4YbHv/2mvYeZwg0Chv3SKz94uVPrH8/YzTVU7DpBxVPg6R0uoTa9+fcSqmLh5Y9dHn/4mdvwkCnYJlG1zC86rt+hNPD55epnQLpmFSDilPh0i5hyWDh51fnkyobn7S8sHl/4edtwmCGQrbtzhF5FcPYC9OWymJ4u9lSvRiRnIun4dISaLs9/Jk8oz2x3M//O5fsPM1QTBH7sI3/i2qZMYT7EVqC/l8mXIiDZNyOJ3FAehxZ672enkypWFVf8vlb1/BztMEwSzB0+b+75jSWXY59tqTp5cpncUy9IJGcqvAJwg97szR08jLk/GqclizYSt8dus2fPPNN/DNN9/AlavXoX3dJlBka9BzxWiVc9b8dR0ATZgkCEOI4+P/WVHx+gPsRWttfaLT0ROsOQq85egFjeRWF2koetyZo090+phrUJ6kgvZ1m+DLL7961jiM9vPPv4DmVZ0QEJ+NnjNkcVmgatr8A3ZOJgheIRarX55UteQ77MVrbbETrDm6+IWgFzSSW10DItHjzhzHWnvxqjL4+JOzehuH0e47dBQi04vw8kVCNmjW7v0MOxcTBG9RzV19FrvoW1NxJP8uUwplEegFjeRWkTwWPe5MVRyp//Lk1NmLRhxXGOvlP1yDjNJqzvNEwKQCqO06vAc7/xIE7ylp2bxWlqhCL/7W0C82Az3RmqprYAx6QSM5biBCEtDjzlT9YjOeW2/yJBWs737P5MZhuHc//wIaFrVxliOCMiug4e2P5mLnXYKwGyaverdKnlqC3gBYQ75dphQFx6MXNJJD3SXoMWequi5PmnpkYcju7bshODnXprkhorhhaMHuTxKw8y1B2B3q1s0hYTlTeT9wim+XKd1Ck/CLGsmZTp78mwEx+vKkuUcWhvzk7HlIyC23SV6Iq1rydNnhay7YeZYg7JachuX/yvdZEXycCeHk4Yte2EhudJYEosebqWpnP1jjyMKQn966DRX186yaEzLmd95vO/XVL7HzK0HYPcK0tH9Imrrge+xGwBLFkanoSdcUncX+6IWN5EYX3xD0eDNFcWQqyOKyILmg0qpHFmP59ddfw8rOLvC39FPP+GxQr9556wWAF7HzKkE4FLnz15zDbgTM1ZdnD2wJfILQCxvJUQMhi0CPN1P0jVXC1NmL4I937nLSPAzXkk89A1NLoHrzof3YeZQgHJbyFdtmBfL0ciWfHthykYahFzaSG10DYtDjzVi9IlJsfmRhSHM+9QwvnjE0f/fpQuz8SRAOT2nTWvfI4ulPsRsCU5VE82cmhDAgCr2wkdwoCo5HjzdjbVq1DrV50GrKp57pc9b2N394+VXsvEkQxN8QpqX9g3Lm8s+xmwJT5NNlSpFcgV7YSG7EjjVjlUSlwa3bf7R5c3Dv3j24duMmnDzdB/sPHYWt7+2CjvVbYUHbGqid2wyF02ZBSuEUCE0pGHvNJ+VB5foDF+i+A0EwSmnrprf8k/LQmwNjFfNkJoRbaCJ6YSNtr5OnL3qsGWtV42KLGoM7d+/C+UtX4Ojxk7B9z0FYv7UHlq1+C2YvaYeKGfMhu7wOFNkaCEjIsXidh+RWQeN7Jxdg50eCIAxQ3tYVH5bLj3kRPjy6TDnRwxu9wJE2biB49Iz3wSPHbLdbYEXjq5qeNh+6KcHOiwRBGEl4fdOvEqcu+At2g2CMfLlMSc96278uvsHocWaMAYk5NtstsJrxOVDY9u49eoabIHhKwZL1R9ATiQElUfy4TEmfctq/Qlk4epwZoyRK/8NZLBiUWQ71W49twc5/BEFYyJSOd9PD86qYPdLgy2VK+pTT/nUN5McnnNrJkyyaWNvyuOngpQDsvEcQhJVIm7v6X5QzW5n9SoMPD2y50qecdi8fPuHU9XAWCwakFELZml2X6SsLgrBTSls2LpWnq9GTzWj58MCWKCgOvcCRtpQfr3COfjiLBcOLZ8C8HacqsPMbQRA2pmDZBhdF2ZyH2ElnuHw4xqBXOe1bJy8peowZI1PHF/HZkLNow/erTtz8LXZeIwiCO17MX7jupCxRhZ+E/qY4kv3LlBPpVU67VeDN/iuc4kh2Lk/KMyugvuv367ETGUEQSJQv35IZpmJjZoRfbAZ6gjaksyQAvdCRttHFj/1XOP1iM9DXqSwuC+Kqm57SRUmCIF6IVNW+ktW48lNZgoVP81pB1i9TuvgGoxc60jYK/aPQ42ssWbg8KVdqoGLd7rM9AC9h5y2CIBiiYnm3KqKgdgAzQbF+mVIoC0cvdKRtdJUr0ONrLLEvT6Y0rHq0aHdfBHaeIgiCVdLSXsqd98YprPc0WL9M6RoYg17oSNvoFpqEHl9jiXV5Mih7CtRuPboLOzURBMETNMu3hcaWzkb5UkMcmYqerPXpFpKAXuhI6+vk4YMeW2MpjkzlvnlIyIbMBZ1/adt/RYSdjwiC4CH5C9/cHphazGni8mX8ga2J7j7oBY+0rs4Sf/S4GkvfWCWnazCscDo0bPuoHTv/EATBc4qbuwSJlfM5fZiL5Qe2nOhRLbuT5Ue0PMIncbbu/JPyIH/p1q8Xnb7zG+y8QxCEHVG6dGN7SE7lEBeJTBLN7kwIgS89qmVvCv0j0eNKn5JobmY/xFU1DczZfqIOO88QBGGniMXql/Pmv3kiYFKRTZMZy5cpXWQR6AWPtK4ihr/AsPXlyZD8Gqje9P5uesOCIAhOKF26cUJ6fevXsnjbzY4QMzoTwlVOX2LYm6x+gSG24eyHwHQ1qFe899ni47f+L3Y+IQjCAZnS8W56bFmjTb7W8GH0MqVbaCJ6wSOtp5OHL3pM6dPHFpcnE1SQtaDzL22HbgRh5w+CIIgXSpZuXBmaPcXq9yNYvUxJX2LYj86SAPR40qUtLk/GVTUNzH7v43rsfEEQBDECsVj9ct6CtVa9HyGJYvMypbPYH73wkdaR1TcwJFHWuzxJ9xwIguAFeQvWjc+a03HbPznf4sTH6mVKAb2JYTcKA9j8AsMalyeDc6ugbM3OSzMP3/g/2HmBIAjCaCratgkzZq+8Y+lYbBYf2BLSlxh2oygoDj2eRmvpw1khOdNAs7r38vJzn/8rdh4gCIIwm781El/6J+aalQxZfGDLVR6LXvhI68jiFxjmPpwVlD0FSldtv7HqxM3fYq97giAIq1G1drckfWb7V7JElcmJETuhj5a+xLAPnbz80GNJlyY3DlmTQb2i5+bKk1+Ox17nBEEQNqPyjW6f9JnLv5UlGN9IiCPZu0zp5OmLXgBJy3T2lqPH0WjFkcZfngzKLIfi5e982nbq9mvY65ogCIIzpq16OzhtZts3xiRKv9gM9MQ+WmdJIHoBJC3TRRqGHkej9YvNMLge5BkVUNLe81n3Z4/GYa9jgiAINAqWbXDJer3jU0Off7J2mdLFLxS9AJKWKQyMQY+j4Rq6PBlWUAflq3eeo+mRBEEQw8hsaP9N7oJ1fXKlhheXKV0DotALIGmZbiGJ6HE0XH2XJyM1jUNT39p3uOcr+CX2OiUIgmCWePXcfy5asv6D0S9/sjYTQhQch14ASQt090GPodGOnv0QN23JQN3mw+/QACiCIAhTSEt7Sd2ysTuioHbg75cpU9GT/HAnunvjF0LSLJ0l/ujxM1xxZOrPjUNCNiTVtz1u7PmkFXsJEgRB8J7ytq3Lkmqaf/Rl7IEtZ7EMvRCS5inwZWuEtX9qMWQvXP/DvJ2na7DXG0EQhN1RvvodQdbcN/qkyvJB7ITvHpYMAp8g9EJImqfQPwo9ftwjUiCifN5A2ZodR2lqJEEQBEcUNW+sj6ta9INnNN6uBI205q+YI6x90jSQuXD9N3N2nlZhryOCIAiHJXNR529yF3YekaumDXBdCEQ00pqnSjhvGjyi0iGmqunxlDf37Wi5/O0r2OuGIAiCGEZp+9acSdNbv5Qk5HFSFNxCkxgohqSpOnlKOWscAvPrhnKbN3+2YO+5SOz1QRAEQRjmRXVr16yk2mXfeCcW2LRAOHn6oRdE0jQFPkG2bRry6oZUzZvvzNlxIht7IRAEQRDm82Jxy8bGpNqWbyQJ+VYvFgJvOXpBJE1TKAu3QdNQO5TTtPnOvB1nS7ADniAIgrA+v1Av27IosXbpnyTxuVYpHEJpOHpBJE1TJI+1ym/vr6oeylqy6cvG3lPTsAObIAiC4JCS1i0tk+rbvpIqy4fMLSJ0kZJ/uoUmmd00hKobB1RNm283vneqFjt+CYIgCAbQLN8SrFrUeSyy7PUHnjHGv/5JFyn5pZOnn0kNg2+aBpJmrvxr+do9+5v2XxFhxylBEATBMMH5c/9J3bZlacqM5V/JMioM7k44eUnRCyNpnAJv+Zi/pUdUOoRq5gyomrtuNWw7PrMH4CXseCQIgiB4imb5luCcRZ3HY6cu/Itvqvq5hoImUvJHF2nYc02DvHD6YMrsjj/TLgNBEARhU8rbtrxWvGzrG+mNHbfC1Q2P3MPpGIMPTnATg09yMSiqm/tzl3Zdrd5woKVm77lfY8cTQRAE4bi8qJrXFq9qbN8fo5nxJ5+4jAEnDx/0gunoCmVhIM+qeJpS33JP09a9fe47H/phBwpBEARBjElkbe0rRUvWVWXPbvswtmzmd36JOU+dJf7oRdVeFQXFQlDO5Cep05u/LmnZdGBm18GidQAvY8cBQRAEQViDX5QuWavMm7tyZ0LlnC8D0osfu8rC0Isvr/TwBs+oFAgvqn2onLX8jxXt3d1zth+Pwv5hCYIgCIJziuav8i9esm5d5qy2k4mVc78My5vyk29C9oBrgOMOqfIIT4QAZenTmNKZP6bVL7uTv2jdscqOd1qbd3wiwP69CIIgCIJ5Xn311V+WtWzIKV60dkSDIU3OfeoRljAk8OXfFyCiwCiQxKQNBWobhBlL7xYsevNYZce7K2Zu3DcJ+29OEARBEA5DZduWwLJlGytLWt5alTd/9b7MWa3nkqsW3o3RzPxzSG7lA/+Uwqd+SaoBn/isQUls+pBX1KQhz/BEcA9RgEgeBUL/MHDxCwKB9/P3NATeAeDiFwzCgHAQyWPAIzQOPCOSwCs6ZUiiyBjyScwZlCbnDQRmlj6JKKq9Hz9l7ndp05fezpnXcbqo6c2dFSu6W6tXby+Z0b1PjP13IgjCOvx/C+EE7dgE8/kAAAAASUVORK5CYII=', true, '{"lang": "fr", "writingMode": "direct", "writingSize": 1, "writingColor": "#000000", "notifications": true}', NULL, '[]', NULL, '2021-02-12 15:52:15.401121', 0, NULL, '["stamp"]', NULL);
INSERT INTO users (id, login, email, password, firstname, lastname, picture, "isRest", preferences, substitute, refresh_token, reset_token, password_modification_date, failed_authentication, locked_until, signature_modes, x509_fingerprint) VALUES (10, 'patricia.petit@maarch.com', 'patricia.petit@maarch.com', '$2y$10$YMfLWGDcMk1cQpc0y1.12OLDQYHS6SfQpAHjqfuxCkXZFz0whlzhS', 'Patricia', 'PETIT', 'data:image/png;base64,iVBORw0KGgoAAAANSUhEUgAAAGQAAABkCAYAAABw4pVUAAAABGdBTUEAALGPC/xhBQAAACBjSFJNAAB6JgAAgIQAAPoAAACA6AAAdTAAAOpgAAA6mAAAF3CculE8AAAABmJLR0QA/wD/AP+gvaeTAAAAB3RJTUUH5QMWCiA3mCFWeQAAH0hJREFUeNrtncmTHced3z+ZVfXWXl7vDTQWggBIkCLADRQlcWRZDNMja8Kaiz2O8MGhi49znbBvOtr/gg8TMRfZEVZIDntGMxpRooYSRVKkCJIgAWJnA+hG791vry0zfciq9+q9XghQ7IUaZERFvarM2n7f/K35y3zCGAwPy4Epcr9f4GHpLQ8BOWDlISAHrDwE5ICVh4AcsPIQkANWHgJywMpDQA5YeQjIASsPATlg5SEgB6y4+/0CD1LCEAIfVLx1vZeDYgnkl7ibHVxADMQKGjWH5QXB+nqeVniGZnOEKPL6GguEEBRLAYOl2xTydxifiJmYUuTy+ksFkDiI0d4gkCzMl7l6eYzFtXO01waotsZpR2W0loBINhCiuxfC4HmKfE5RGVljbOgi09M3OHWmzuBgG9f7/O+0V+VAAaI13Jsf4OLFx7hx8yxra0dRYYDRmpiCfWEhSDDogJEcJXUiOW9wXUm53GZ89BqPnf6AE4/eZXS8jePs95duXw4EIMZAGAoufXyEd999kbn5EwRBDtC4+AgBMcVNQPTv+8/Z3wIpJcVik+mJqzz1xK84c3aNfAF68DwgZd8BMQaaDYe33jrJu7//FtXqGFobhNie0Nud66/rPS+QUjBYWuHJr7zD88+/y8hYlDxnPynQW/YNEJM8tdmQ/Pr1c7z9zp/QapUB3dvL0YAAIbvn+ii4mfg71Uny+ZATR9/kpZd+w+FjwYECZd+sLGOg3YZ33j3Bu+99lWazCCiEEBjT7SMm1Q2d67p1KaGz57Lnt6oDRRC43Jh9iTh2+da3fsnhY1Fy3X5Ro1v2xSA0BqIIrlyZ4K23vsHGxiBaK4wxnc226+611j3HO21p253aR5Hk1p2v8frr/5LFuw7GdLn2nxUgxkAcw+JCjrfeeoHl5YlNhOsHYytib1XXf91W98zeJ44Ft+68yLsXvkqjfgDYg30CpNWCDz88yezs8YRYO/fm7rUPwiEavQVQvffRhKHLlavnufzxEeJo/7lkTwFJuWPu7iAff3yGdruAMXrLXv4gXJG9f49e0TH03X/zfTSt9hgXLz7D0mIerfcXlD0FRGtoNeHalRnuLc4ghNpE5K2I399mK2AMMDw0wMT4KMVSGSldDKJD9O3uAQalNMtrT3L5w0nC4J8RIErB6mqBS1dOo2K5JdH7z211vr9Oa0PRg+dOl/jaMyc4d3qSw5PD5PNFQCB0tOk5WveCFAQFrs/+C+bv5PZVwe+Z2as1BAHMzo6wuDgFaIzp+gfGmE37tGSPe+u61z96pMKfvPgUpannaS5/wu079/j42l2uz7ep12porTc5jtlnaa1Z3zjMjeuHmD4yS7G4P2bwnnGIBURw9dpxlLJRvu0U+LYKO6mzXViRN2s4usHocJGvPf0IxfGnQCvKU2c58+w3eflbX+flpzymxwdwXfczn+EHJW7dPs/inNg3LtkzQOIYqhuSe/emUEpsS5wdFbjRYBSeqYKJ8XURL1fg208oTj72hPXqdQhxEyEcRmee4Plv/TteefEIhyYGcR2xI/haG9Y3jjB75yi+v/dg7BkgWeuq1Sz2EKIfgO41/UQDoSOk8QnMAMq4aHKcOVrmyedeRuYroEJA203HEAc4hVEee+7f8MqLRzg+GiMwHXN4szUX0/aHuTP7KLU10PvAIXuiQ7S2gMzfm8QPitvqhywY2bo0nK6EizLdV56pxHzj3AyDozMQBUm8Kw0JJ5sOkE6Bk+degdjH/Op1btYnQThb6iWlYG1thnsLg4xM1JH5vdUle8IhKSAb1QHC0OVBHMHtrDDPkZw7c5zjp6zesD6HspvO7LUGEyK9Eief+VO+fvYQeUdtq6e0jqm1jjM7e5hgH0zgPQOkWYdmvQDIbYlh2/Y7ipudRIDT05IXn34EmR+2oqoDgLK6RvcBo0JkfphHX/yPfOVYHm3YUlSCIYoclpZmWF12UOqPFJBG3aHdTm38+9EZiRJPBpiy9cODJV55forK6GGI/C7hE6Xf/a27ABnLRaWxYzz7/ItUChFab90xlIrZqD/BvfkB4nhvuWTXAUnNx41amXpjAMPOIirdCxNjjCbneRTy+c55KSUvnhnhyKlnukTPiinTJ776RZgRHDtxhseOT2yr3I0xtFpDLCxO0WraDvVHBYhS0GzmabXyYAy5XI5CodAjhtKAIEYhjY1BCQwnJ+HQsEZpgzaCR6aKfPXJGTxXgIrA9OkOnQWlX6/EoCJyA+OcfPwZSnl3k4jshucNK6uPsb4u//gAiWNoNAsEgQUhl8tRLpeTessVUkokMa5ugIlQWjNd8fj6IzFhGKKUZrDo8M2njzAxUbHJWf2cYbbijAww6TGS08fHmRwpoPTWYRtrbR1iY1US7WEUeE8ACQOobeTQxlpYnueRy+WQUuK6LqMjFQ5NjjE1VmGolCfvCnKO4RtPDFOcepy1JkihOX+qzLkTg1iXfQuRtGnTiZW1uW1xaJLj04NIE28bSwuCPCsrk7TbewfIrvshxthsw0bVwxjZsekdxyHnebxw7lG+/tQMnj+PiX3CdpEbC23qvuaF00PMtlz8CCYref7kqWm8/IAVR8IB2c3PQmOPjSIdhrf1gBYgVaZtjHRznDlS5rcXFKFxe3qm9Xs0QVjk3tIpWs15hof3JiNy1wHRGoK2oLaR7wQTtdYopZicHOe7Lz/PWFHB2grEEYhRThwVaBzyxRLDccihisNLJyXT48O9BCfJTkgJlcp6mdRp1f1t6AJiYoSTp3LoNK53lTDcOtNDKZdqdYxaTTAxaXD3wI3e1UcYYwFpBznWqhW0AUekHrFicmyMYrEABICTENrgSWFpF0ccKkf82xfGmZ4YRkiZcIexhO5wRfahfcdpm3SfnnM0ueIgxVKZhl9DSrk5wcJomq0h1tdHiaJV8nvgte86IEpBs+XR8ksIDGmGodaaQ8UanokSAqd5ngmKwt7A9TyePDFuwyI67uUGKew5TCKijAVD06sdjejcuoOWinHQFAoFtK4iJZtC/0JoWq0ya+sjhMEqpvxHAEgcw/qKh9JpDMt+URRFiDgxW4UAp0BHtAiTKOGEeDIBTCduszAZkZU8TAA4FgmpMqCI7u+sbtEhjqpTyLub/CGwVh8YwrBEdWOAILCda7f1yJ4AsrJcQKkcxmg7tGoMcRxzp1oiimO8nAtOhkPSHo1OenyivBNx1yVqCkRGhKUIZUUayT1Ect4I0AYRrOMIvSUgnmffJww1zUaZZhPG9sAf2QNABGvrZWJlo6uu66KUIo5j1poKHbUhNwQy170oKxe0Bhlv7uUp0RGJ3lAJdyVAmUx9uicDmtCYqAmZfLDue9vfuVyOKGpTrU9Sqw+g4gYmt7tia1cBsVFewdrGIFrLTlpnFEWEYUi9DmFjA8qD1owVThKn6LN5VMZaynJHamWluiHt/SR7wTY6RSZeu58kQJhMmD99d00ul6PVatNslmk2ckQxFMyXFJBUofu+tDEsA44jO+IqjmMCX7OxfJfRyaOWuDIPcbj5ZkIkDl6i1BOFDxlCqwSgdCfImMEiEVkqaSIhbqGigCAIOkPDaawsG1WWUtD2B2g0PZTafQdx10XWypJDFHfndsSxnY8WxzEBsLTW4FGTOG3So6NDRN+NUq4xCfElGd0iMjqErt4wfZyUUegEa8Rhm/VqM3lE18JKAVFKIaUkDgsEbXdPQii7yiFaw/JykTAsJp1cd4J5SikCJLeqJV7UEUJIC4gxiZXVf8eky2d1SDLNwIoqMkpd9F6GyCh3Be0V8FdoNes0Gg0gt+WopVKqM9berucJg92P/O4aIGkG4Op6kTD0UEr35EIBRJFipR5iVIggl3BIavpugrgbw0q5o1+Yi77fHccxEVkmhNYihBsYIVne8ImUxmC2HEruAcQvEkWb23xpAAEIA8HS0iBh6KJ1d+qsTIx5bQz16gZ+fZ3S0KR1/oSTOHs9DkYvsbXaxAj2xhkR1W8Gxw3wVyGsg+OhDXxaHyQyTWDr0Ekcxx1Qas0KQSDRqS/0ZQOk3Zb80z9N8sknxwjDuCOjHcfpWjQG2s0GrdpqAogD0gUdZaid0R09CKju+awY6dclcQxxE4Jq977CRSnN/HILpeiZc5jVJUqpDiBxLInjLufvlqX1hQOiNSwuevz93x/ntV8dp1YtAXZCjOM4uEmELh0v32gp5mqCcVSXQ7JKnAwQInMuFV8dHWIyQBhQGqImRC2rxFNRIwRIl7Bdp1rdQOkux3aeloR2oijq6Ly2P0AUf4k4JI5hbc3j4sVhfvazY1y9Ok4QuEgZd8BIuSNr81dbint1wdPYgSPrIGYChKknntn1cE8qCjuOoAEVWPPZxGyyDoTlkFqtgR+ECNGr0LPcAV19FwQFVCz238pKX6BRlyAEOU912DWOBRtVj3v3Cty8Wea99ya5dGmUdttNPi5GaxuG8Dxvy6lmQRhRq9YhCi1Fc4MQtyFu0fHC+3Ggj1PSCLCJIUoS5fov6nj3LgjD7Vqe9bAAqAzz9Jq90OUeYwxKHxCRZQwsLzn8+jeTrK2XEEgMhiiUrK7lmZ8vs7hYskHa1Hk2VjF7Xr4zOtjfEwG0NtRWl4laM3jFIUuwwii0SUBhkzrpc1LsZrYAAbpiLtVBCQcurLVptBWu0ztPMdUZWTCEkElyxu6A8MCAKAWV0ZiTp+rc/mWBjz8eoVorEYVeMinTICVIqREixvPaeG4DIccQYsh+0DZfYwysb2zQbDeoFIdsF3Q8KFTA1xD7vVySJXLnJv1c1MdBHS6xzmccRlSraygV48iUmwVKKaIo6gCUy+U6N8nnWki5+4jcN4dIaTh6tMZ3/6zOV566y7WrA8zPF2k0cjZwqMH1IsqlJoVcnfWNSTZqj2DMdlMJ0mPFtRW4PlfjfGXMEk9rEC7kR4Bql1NSivfTpUfZb+WbJI6NWwQ3x/pGk3trbQTdVNU4tskU2RBKVsTm8zVcRx+M8RDHAc+DXA6KRcPkZIDrhAwMlFBKkcsHnchEq+UyOztDvXkGrfMYoztBxawy73y4EKxVW/zDbz5iqhBy9MSphOjaWl25QXsct+iIp15q953qq08FvluC/BDGwLW7K8yuu0hpuSGOY3zf7yhygGKx2PPOwwPL5PMKKfc5uCiEHZTJ5WBwsAtOq+Vx69ZJlpcHqYxsMDjgY4zDysoI6xtjhKFdGmPzsKjpmcyf1r03GyJevcr3X9HMHD9pG6cmpluy+7idOIV9SqVHpfR4kNaM9gYgP0SkNJeuXOGnb83iBzmEEIRhSLvd7sTYAPL5fI957jgBA0MN8gX7/fse7RUCXNe+TC5nAdnYEBgKrKyOU62N4Dg2xh3HqZfVDZOIHb6gu8oCvPtpgP7ZNf7imxEnT5/CTXs4JCOKMgEl6saoMrh0D9JrcnasJV+m5Ye8+f5l/u53cyw3PaTUBEHQwxmp3sjn8xnucBgauMXo6AaFAru+cM19+yGp9eR5dhsoR0xOVLl6dYo4sp6sbac6hO7ngq1WXsgCJh3J72d9ltrz/GcF504fSxzFxNaUDrgFUNJmLabmbRYc17HtnILlDK8AJubSjTn+9xv3qPuSOLZAhGHY8x5pAl86WmgMeF6byclPGZ8MDxYg/eC4nmZmZoHxsSmWlofAmMTc3TwnMP3grbilR7ckI4qzi1V++b7g6KjHyPCo7ekd7z0J04s0lVR16iKlube0hm88KqMTuF6TRmuFO4vrvPHxEgtrbeIo7Hjg2ZLP5xkYGCCX6zqKjiOoDN1kZuYulQoUiwd0TN1xoFCAw4ernD51mSB4mnqjgO5MOdqaA7aKqG7VTgrBlTWPq9evcerIFMOjU7i5EiC73IINgVjH0JrKSrpsNGtc+PAD5qqKtjvGaq3NYjWk3lakc+J7COC6FItFSqUSuVwuAcrG3MrFRY7MfMDM0ZhKxYrr3baynB/8gB88yAXZlXO0AcdpYdQ6cVxE6xxaC4xxEMLpEHrzPcSO54wxlIs5zow3Ue0qQbtJznVwXMfmZtlGFhQ3D7kByA3i5AcYHh1hIKdZW13g+mKb5WoLFfmARhmnE+D0PI9iscjg4CClUgknkUVCCFxHUioucuzwb3n8ySpHj8HoKOTzB5RDpLTsOz5uF6ZErDM09A737g2zUZ3A90tgcrT8Mq12adspbDtNh261fYYnDjMyIFhdmKfZbDA6OsXgyASF4qDlGGkXjVHGELaa+K0q1dV54sYKX318hJeer1AYHsf3A96+1uL//m4NKawH7jhOZ287l0EicV1NuXidw4c/4NSZOkeOWjAKe7Tg2efWIZ4Hw8P2dy4Hw8Oa6Zl1NtbXadbB92FhYZzbc08RRd1M9349kgUhaxLX63ViJjh08jSl8gDL83dZXLrL2sYK5fIwXr6EcBxUHKHimHarRtBugDAMVEYYP3SEodExpOeBI6k76/zmik/Lj3uer5RGSoHjCHLuBpWhTzg0c4tHTwY8cgKmpqBc3n1z9w8CBLq+SSpbh4ftyzeb0GjYTcoWd+dDjCkDvU7hVl57WowxqDi2oQ3XYWRymtLgEBvLS6wvL7GxvpRYD90e4rgulfEJKuMTlCujePkCNvJrsyALnqDgSRotk4gdK3sdqch5PgOlW4yN3+LwTI2jxwwzM/Z7Bgf3Rnf8wYCkoHiefeli0YITBOAHMHvLod6YJozKGNNr0eyk3JMWlpu0sQltQKFUZurIccamDtFu1AkC32aQCvAKRQqlMl4uh3SSEH5xGlQLgrUk9mgyRkeI5/rk8g0GSvOMjtxlbMJnalpz6JAFYnQUSiX7fXs5C/cPHg8RwrJzCk7QhmsfDfDar2f4+PIRoshBCLPNtX3ApHYzhrHhIsODpe6cuMSc9nJ5vNF8FrvMDwM4UJiCfAWCJD1FayYGJUP5Jssb1xkdqTFSWWd0tMrwiGZ0FCYmYGwMRkZgYICOz7HXy2t8YQNU6Ys3G3DlgsOtjyUqDJLBPAeE7BtHMAgUUsQIYmu9KpcgMowOl/hP33mMU49M050Gu0UMq+d0cvP8GOSGIdgAfyMxk2F0wGNjeZ7XX3+fY8fg7Fk4+ggcOwZHjlgwSiVrSaUdbD/KFwaIMXbZvmIZXvxXNcZPNLlyaZb5uSHqrTJ+VEYpD6MFcaxoNyOiwMcVbYr5iIGSAKfIB9darObLjP3Fo+SKeQi3WFdcbAWOAW8IvEEIViFYtyOHGHAkc8s1Lt9YZGkJxoYGuPA2vPdOwNmnFV/7uuHsOcPpU5Yz9nMl7C90TN168FAeMkwdjnHzMcdOtahVBfUGzN8V3LoBCwuC9TWBg2B6TFIpCkbKgqEhzZWbba7dWufNdy/x1JmjuJ0x9q24og8cHUNr3sa7srlEUnJ7cY3b91YoFSTPPyEZLgvWqw6LNx3+x7uKfElx9lnLOWfPah5/3HJNofAlBSTVJaWSVYqFgg0pNRrw6azho4uC+Xnwm1Bw4bGjMFFRjA3H5Dy76qhjIk4cknxy0/DbCzf4D99dZXR0Kll0JKtrMg/ORnejRvdlOshZvXTr9hpzSw1Ghlw86ROFiqGSpDIoOD6t2agJPv3I5b03BeWKZPqQ5plnQ77xDc2xY3DokP22Lw0gkCwQ0IArV+DyZXjrTXj/PUGrYR80MQKThwylgiGfs1k6YQSxMjgSPKOYHhWMV+CdS4tcvznPV8cmNj9op/GP/noJrZbPR1fnCWNFZVASRoo4TvKHEtUzWIbBcsz0mEPTd5m7WebaFcH/+UnAyGibl16KeOEFw8mTVufsVlzrDwYkiqBahZu3LAAXP4TfvwvVNUG5AEMlODQNpSK40gYgIwXKtx/kJnM3pTWGcJ2YiYrD5ZshF6/Mcv7ZJ5Dkev2O7cQXppd7El9jpdHmvcufgoHhAYUfmG2mH2sQmpyjODoRok2Olu+wtuTx4/8JP/pfiqPHNWfPwbPPGZ59Fg4ftlbZF2WNfS5AUkt0bg5eew1+/o9w8wbM3xG4EioDcGQCygVLcIAghCghvCOTfTL7QCbHSoPnwsSI4YrUvHf5Dv++WmWoMtE3WNg/MLWzfllcrHFldhXPleQ96yvtPDqeZq5EOAgmK/Z72wFs3JP8v6uCf/g7w9HjhqfOGv71nxrOn4ehoT0GJAVCKfjFL+Cv/xreeVvQbloQxoch54GX2O/t0BLfkeCoPjCSmWfK6YLjJN12sKTxPPj91TWWlpYYqowluqJPj5ieH1sWZQy//3CWaj1goCTRxtAOHmR9ddN5nBAwWIJSwRBGkvmbDtevOLz2mst3/6zF97+vOH58jwHRGv7x5/Bf/wvM3pJUBgxjw5YTlIJAQyTtCKOUoEQCSEJwJfv2SSqno+yxzeOC4QGYW2lzd36RU6ce2/yqPf5HtqKXW0KjeeODW/hBzMiQS6wMzR1Wi+v4pjsAZPMHFKWCJpf3qFVH+OEPB1leXuOv/srn2LE9ACR9yYsX4b//N7h6xWFs2OA6EET233AckSG8trohdbIcbeuz3JCKKld3uSZOxNZQGebqMVc/XeSl83W8YmX7DLUt9YjVH431FlduLWEQSEcQhOaz5NUDFIMRIVJExHqAV1+VTE0t85d/GXQCr7sCSCqq1tfhb/4G3n5bUsg5aBMTRF1iOhKk7oqojqhKOSADTvYanRFjTuKYF/PQChUf3FikUa8yUqokemQLavZ/eTrFzZVcun6PxdU6juugjUvbj/kii0ETG58YF3D4278d5JlnIr7zHf25PP775pA4hrffhp/8BJRyMAiCMLGSEmtJZQissvoiBUl3xVUHAKcLTHqNAfLJ3J2bcy2ajRojk3rzzKpsj9kKINfhtx/dYXm9iSMlSkMr+ELxsJCYEDsfTHD7tsOPf5zn3Lk2R448eNrpfQGiteWOH/4Q5uZspmIUGbQUqMSHUE6XwD0ck92rPlHVzzkZayvnQSEPy9WI+YU1Zo60EW6pj/g7ACQF7Xqby9fn8cOYfD5HFBrUFxUs7NgSBkOEMj6pMf366y5vvin53vf0Aw9sfSYg6XqJb70Fv/ylVcJCKLROBnZkr4hKdYTrbGFV9QGlVB+ITlfRu47lko1WyO2FJZ4NfTyvtFlf9Of7poRyHa7eXOLqp8tJ8rSiHcTJahJfbDHEGALs8oWwsGD48Y8F58/DiRMPxiX3BUizCT/6ESwtdW9sU/YNWieWVFb06K711MMNidWVBcjt1ztJO23AcwWrDZ/ZhXXCdtMq9p6S5ZC+KQtS8PGNBa7fWQEgjjUq3q3cXMslWZq98YbdHjTksiMgqXT46CO4cCHljs1tlB1H6iF2j++ROIBZLsnqmw4gGT1jjDWd6y1YWtcErQalikLIbGLUNhwiBUEr5PK1eeqJ0khXxt69kh39hPl5+NnP4Nvf5oHyuXa0AdKQ+ptvwuxs5qO3aau0NX/D2JrCQWRjVUFkPfXOFgnCSBBEsrdNBH7Sxg8t92gNa/WYer2GUWpzem8PQRJzUEgWqi0uXJ4jjNSOmZO7Wd54Q/D22zzQdOrPNMru3YPf/c6Krfv5rtR5jBVEsSV2GKZET4AIBX7o0A5z+KFj22S2FEASjlupRayuN9Aq6iV81gzOAiXh3sI6V2aX9wUIsLS6fRtefRVWVrjv5Wa3BSQl7CefWHFlzIP3Mp1O9VMiQ+yUM5xkcwkiQRQLwthyVwqkNZYEC9U2a7U2od/eOqbVyWq0x7EyXLh4m+WN5r4BkoLy85/b6Pf9Lje7IyCNhrWuFhc//0uly1YoDVFsEmIbwkgTRXECkEsQWu6JImHPxYJY2Tka6/WIWivCb9aTmVKmS/9Nc0WgHka8/v4tag1/38RVWu7eFfziF5aW97PowI6ALC7Cr39t/zPqi/qudMmKdL2TFBQ/kvihpB1Kgkjihy5+XEBIl5VaRK0ZE/h+ppdlEDEZgIRg7s4ql28t7f9fmGL1x09/Crdu3R+XbAlIus7Ve+9ZdttJmX/ekp0HHkVxIs4kYeRYMEIPP3QAQb0d0fRjAr+N0aqXOzpcYoExrsP7n8xxd7G6nzj0lGvXBD/9qU0e/CxAtjR7jbGKOIps5JVkwuNusH921qsQAiWlXcNX2ml0VtwZ6u2YMIiIwpB80embNk2HO3w/4neX7rBxAMRVWuwawHYcplzeOb61bVUcw5NPwp//uc3hzRJvt0rKNak4i+OY9L9DlqsBfhAT9Y8uZbnEdbgzt8qFy3dRe7kc9bbfY32Qb37T8PLL3NfyTts6hq5rR8Beftki++qr8Omn6Tzt3rkfX/yHWGC6f/ZiWK2HBEFEFIXdr4VeDpGCT2aXuX5nde+ovuX7Wy4YG4Pz5w3f+54dh7+fLMgtAekmUMPRo/DKKzaz7623rBm8vJza1butNtPBIKj7EY7U4Bqigrv52VIQRzEXLt2m1vb3JesQUiAMJ07AuXPw3HPw2GP3n0G/7b9Fp/+qVq1aa2t+Hu7csdbC0pL9Y+G9/BPGsYEcxyZKFMslHC/fV2ujd7HS3LyzwtJ6c8/eq0PIzOTYiQk4fhxmZmwsa3q6myv8WR1lx7/v1toq9mbTKqXVVRuGbzSsxbAXS95li9n0Y2vC7EdJ89JyOau4KxULwsiITUa/33jWZ/6fenftRMsVzab9HUV7yyEHvaQc4rqW+KWSzd0qFLr5Bfd1n/sNguokpK4UnXWjDoAhc6BKFpR0Gnl2CuD9lP8PSp8kTg9qoDkAAAAldEVYdGRhdGU6Y3JlYXRlADIwMjEtMDMtMjJUMDk6MzI6NTUrMDE6MDBTmMtNAAAAJXRFWHRkYXRlOm1vZGlmeQAyMDIxLTAzLTIyVDA5OjMyOjU1KzAxOjAwIsVz8QAAACB0RVh0c29mdHdhcmUAaHR0cHM6Ly9pbWFnZW1hZ2ljay5vcme8zx2dAAAAGHRFWHRUaHVtYjo6RG9jdW1lbnQ6OlBhZ2VzADGn/7svAAAAGHRFWHRUaHVtYjo6SW1hZ2U6OkhlaWdodAAxMjhDfEGAAAAAF3RFWHRUaHVtYjo6SW1hZ2U6OldpZHRoADEyONCNEd0AAAAZdEVYdFRodW1iOjpNaW1ldHlwZQBpbWFnZS9wbmc/slZOAAAAE3RFWHRUaHVtYjo6U2l6ZQAxMTIxMkJCH71XJQAAABZ0RVh0VGh1bWI6OlVSSQBmaWxlOi8vUE5HOqYqZyIAAAAASUVORK5CYII=', false, '{"lang": "fr", "writingMode": "direct", "writingSize": 2, "writingColor": "#000000", "notifications": false}', NULL, '["eyJ0eXAiOiJKV1QiLCJhbGciOiJIUzI1NiJ9.eyJleHAiOjE2MTY2NjY5MzQsInVzZXIiOnsiaWQiOjEwfX0.Cgb2JnjK88E12eX0xvwY721vbKAsYRvupjwM8nYI8c8", "eyJ0eXAiOiJKV1QiLCJhbGciOiJIUzI1NiJ9.eyJleHAiOjE2MTY3NDg0NzQsInVzZXIiOnsiaWQiOjEwfX0._xMjTWYtstij6xI9x2yq9nbq4Qj7V3ZcWiMB1fchNDg", "eyJ0eXAiOiJKV1QiLCJhbGciOiJIUzI1NiJ9.eyJleHAiOjE2MTcwMDY3NjYsInVzZXIiOnsiaWQiOjEwfX0.onsTd_4oYBI_0XGbQ9mmrBjC4fT8pYKdSF9lrXuXE2s", "eyJ0eXAiOiJKV1QiLCJhbGciOiJIUzI1NiJ9.eyJleHAiOjE2MTcwMDc5NTgsInVzZXIiOnsiaWQiOjEwfX0.zqDACClz2Dw3z1-0xt3zIEXgvTp_UkFsZn499Rn2aU0", "eyJ0eXAiOiJKV1QiLCJhbGciOiJIUzI1NiJ9.eyJleHAiOjE2MTcwMDg5NjAsInVzZXIiOnsiaWQiOjEwfX0.FvO5VgYO71k17duJLjLmFk20FWKTRiSRgwPGEKtw8_E", "eyJ0eXAiOiJKV1QiLCJhbGciOiJIUzI1NiJ9.eyJleHAiOjE2MTcwMTYxNTMsInVzZXIiOnsiaWQiOjEwfX0.RiXZ805SjJw7h13cYcb5z6SEl7kWJui74gd2b1abEnE", "eyJ0eXAiOiJKV1QiLCJhbGciOiJIUzI1NiJ9.eyJleHAiOjE2MTcwMTgyODQsInVzZXIiOnsiaWQiOjEwfX0.CcVyNuQYaZ3p6rPzt-XxmqEhjkhdhVrlBZJlPZ32pao", "eyJ0eXAiOiJKV1QiLCJhbGciOiJIUzI1NiJ9.eyJleHAiOjE2MTcxMTY1MjUsInVzZXIiOnsiaWQiOjEwfX0.c9uAwEXd1Ph-kKzBwM9j6BMoGpohatiagQsxU204eb8", "eyJ0eXAiOiJKV1QiLCJhbGciOiJIUzI1NiJ9.eyJleHAiOjE2MTcxMTg0ODcsInVzZXIiOnsiaWQiOjEwfX0.4Qp0UcH_ljt9LPnBmQ5j-9jx9kg1ae0ZcgYrTSsI1Ko", "eyJ0eXAiOiJKV1QiLCJhbGciOiJIUzI1NiJ9.eyJleHAiOjE2MTcxMTg2NTUsInVzZXIiOnsiaWQiOjEwfX0.eMfbErkW_jzji69Hy4CA9CoTFv2kUrsC6vRQGJuBOe8", "eyJ0eXAiOiJKV1QiLCJhbGciOiJIUzI1NiJ9.eyJleHAiOjE2MTcxMTg5NDYsInVzZXIiOnsiaWQiOjEwfX0.aFm8UmOyy_rl7O9xXLGS2Ci83ahLCMX3m6QeiXRg8h8"]', NULL, '2021-03-16 11:11:07.620256', 0, NULL, '["stamp"]', NULL);
INSERT INTO users (id, login, email, password, firstname, lastname, picture, "isRest", preferences, substitute, refresh_token, reset_token, password_modification_date, failed_authentication, locked_until, signature_modes, x509_fingerprint) VALUES (12, 'martin.manfred@maarch.com', 'martin.manfred@maarch.com', '$2y$10$sS51rp40/7Ftlh4RlQa0LeFHoVMMKruze5.A7oNry9tt1b6zLKdLm', 'Martin', 'MANFRED', 'data:image/png;base64,iVBORw0KGgoAAAANSUhEUgAAAGQAAAB4CAYAAAAE9le0AAAABGdBTUEAALGPC/xhBQAAACBjSFJNAAB6JgAAgIQAAPoAAACA6AAAdTAAAOpgAAA6mAAAF3CculE8AAAABmJLR0QA/wD/AP+gvaeTAAAAB3RJTUUH5QMWCjQXjeGh5AAAGmlJREFUeNrtndtvXMmd3z+/qtMXXsWbRN050kgzI49ndsYejx07vsRjZ2MHcXYdrPOQDRIgWAP7EBjxPgRBsICB7FOwcPIW5C8IgmRhbGJPAI+zGGclecejGUkUKZEiRVG8Nskm2ezruVbl4XTzLomUups9yXyBFlrd7HOq6lu/W9Xv/Epu3Lhh+RQtA3XUDfgUO/EpIS0G56gbcFiIyL7vnwZrLda2vnZueUJEZHPgoyjC931838fzPIIgIIqiJw60MQYRob+/n46OjpYnpWUJqRHhui4bGxvkcjnW19cpFAqb/y+VSvi+TxiGj71OGIaICN/4xjf40pe+hFKtraVbjhClFNZacrkcCwsLzM7OMjc3x8LCArlcDmvtpsQcVGUZYxgeHubChQucPXuWKIqOupuPRcsQUpOItbU1xsfHmZqaYnJyklwuh1IKEXnm2a2UYm5ujgcPHnDixAm01kfd3ceiJQgREXzfZ2RkhNHRUcbGxqhUKiil6jJ4IkKlUmFkZIRLly5x+vRpjDFH3e19ceSEiAjLy8tcu3aNkZER1tfX60bEdmitmZmZYWpqisHBQbTWLel5HSkhIsLo6CjXr19nfHwca21D1Ynv+3zwwQeEYcjFixc5fvw4bW1tAC0jMXJUSyciwvXr17l27RpLS0uHiimeFx0dHfT09NDZ2cnZs2d55ZVXGBoaQkSOXGKOhBAR4f333+fq1avkcrmmkgFbQaK1lra2Nnp7ezlz5gxvvfUWly5davZw7BybZhNSk4xf/epX5PP5ppOxGzVitNb09fVx+fJlvvnNb9LT03Mk7WmqDRERhoeHuXr1akuQUWtTTVVls1k2NjZYXFzk29/+Ni+99FLT29O0sFVEmJyc5OrVq6yurrYEGfu1MQxDZmZm+PnPf86tW7ea3oamECIi5PN5rl69ysOHD1vGo3kcrLUsLCzwy1/+krt37zb13k0hxFrLrVu3ePToUVM79zxQSrG0tMS7777L5ORk0yS64YQopZienubjjz8mn883pVP1gtaaxcVFrl271jSb13BCgiBgYmKCTCbTknbjaVBKMTk5yc2bN5sSozSUEK01U1NTDA8Pby6DNxtSfYUGKoGl6IEXHuL3IpTLZUZHR1lYWGj48n1Drx4EAY8ePWJ5ebmpZNRIiAyUfEvBtZQ9iwDne4WOJFT8g892pRQLCwtNcUgaFocopchkMkxNTRGGYcOXvKX6TxiBG1rCKJ7dSSUMdguvv6B567Lm8y9qPpqI+A+/8NgoW461P32iiAilUonJyUmuXLnCwMBAw4hpGCHWWubn55mdnW2YmNdIMFVJ8EPQClIOnO9XvHJa88YlzWfPa873CelOAQVnBhWhgf/4c49c2dJzAFKUUszPz7O0tMTAwECjhq0xhNT07tzcHKVSCcep3202SbBQ9i1lHxwFHSk4fUz43AsOn3khJmGoV0h1CCiBioUNCxHQJnz/awkE+OnPXdbLlr4O4Uk2WynF2toamUyGl19+uWGTrGGErK+vMz8/XzfboQQiCyXPUglABLrTwpWTwmdOa968rLlwWnGpX5Fuk5i5ACjamL1aMzTgWkD4va8mAcuf/0+P9aKlr1MwTyDFWksmkyGfz9Pb29sQr6thhBQKBZaXl59rJtW4LHuxYVZK6EzFJPzOWc1rFzWXX9Cc6VJ0pEE04AMlC4YtEnbPCQW4sZH/h19NgsCf/6XHatHS/wRSRISlpSXy+Tx9fX2fHEJ832d5eZlSqXRoCREBLLgh5CuWIIL+TuHV04o3zytev+DwwjnN+V5FR4J4xofEKulJJOyGAjyLQvjeV5I4Svj3f+mSLViOdwmR3a9t8URzXbdhXmPdCanZj0wmQxRFB7IfUiWiEsQkRCZWR6+e1rx2RvG5S5qLQ5qT3YouB0QRD75XtQmbFzlsY+NraITv/K0kCQ1/9hceywXLiW4h2uVI1fpWLpcbFiQ2hBDP8ygUCk+dRVJ1U9fLFtePdfiVU4rPD2neesFhaEgx0KfoUqBslQS/KgnbB/W5Ggx4FsfCO28nAeHf/XeX5fz+pARBQC6Xw/f9ujorNTRMZRWLxT32QwArccBWKFuKvqUzFRvlz5xSfPVlzdA5TV+voluBGMASkxBV3zdCU0h8jwTwztsJLDyWFGsthUIB3/dJJBJ1l5SGEVIoFLb6K2AtbFSg6Fnak3DxhOILFzRvnte88qKmu1fRJaDCqlcUsqWOtg9co1AjxcK3vuBgbYo/+wt309BvJ6VUKhEEQUOa0RBCPM+jXC5v5eRWO3OuX3jjvMPXL2sun9d0H9ekxeL4FoKqKjrKrRIBAksC4VtvJzA2Dh6LrqUtuZUtWalUCIKgIUkRdSckiiKKxSKe51UzDiFftpw5pvjx76d564omYUB7FlwTq6FW2q+qkpJMCG9+LsFnhkP+6k5Ie4rNwNHzvIalo9adEGMMvu/vmDnGgNLQ3SGkt7uorQoBDOjQ4rC3qWEYNmwtq+7xv7V2b2Nruj+sGudWJmM7ak7FNttVU1ONcnsbsiBz1MlmjUYjl+Bb+2GJ/w/xKSEthiPPfrciGARTdZGVtQgWsbahYcczt5etRc9GoO6EWMBYeerSkgUipQhFEymFqf5CYdDG4BiDtlHLkaLFEtknL9M/D+pMSExEGFlyrqa3HZw9I2qxQKg0vnaIRLFdFiwaK/HOHsaiqxJzpKjeXgnkXUW3L1gUjVg6qLMNsXTJDJ8/do1zxwxLRYfAgJLtAyoEysHTCULRm2QIFmUNykQ4GLTU6K13j6s7iIeAVH+ScxWur/jbpxe43HYbsWXqTUpdJSQVZTib/W9cHvgtqb/fzX/6373cXIh35VR179Vuk4zNDldthrKGhIA2BrGmKhlxIGBgc3VSeEapEcDaqh0QOIB7HtsLS7aoSCrLv/hKgX/yxTWOlYrMpZOst38ZQxrqJMV1kxBtKvTnfk33xi0SQYovv1ji3/6DVb75UsB6UVH2LIhDIIkdZACIjY15AtBRCGEQr8tvGnaLFSEUTaA1odKYXaruQLBgq+tlB4mVpLp3v1wQetvgX76T459/bY3+tMUprnJy9V1S/nK9hhCom4QI2lToKdysJkQJUhSunPT4N//IYnSC2w99Cp7GKofty7i12e5gcUyEDUOE+BEB2fqjzfeRKEIBZRUJG8XSdIjZeWAPSSAwsLRhGOp3+NffV3ztoke6EoGXAAfSlXk6y/fxEicxkmglQgzJIEsqXKKqFyASKAqnBxU//n6av/4opDsREkXJffpucUSwURQ//rx71CyIWFTVzoRKE4rCWkgCjmnAQp+xSGD54kXND/5Oinc+Z9DLgCdbekUsne591rvexuhYNbcEIbFBDhDrb/8wbl8RLh4TTnytm8hqwnDvskNs82N78bgJLNaiMFXJsRgRItGE1qLEoB6ngmoXPOxY+XDcEf7pOyna2x10yQd/tzMviPWe4eKPR11siEXhO/0EemB3e+PZHUBaC46zv3KJg0MQ9fTsRqnZecAgRFKLYeqPpEBfCtIR8X7NjobE7agkhjBSH+mAuhl1IdQdFNIvQ6T2JcWG5jFeTRyph9ZilYInbPrs51tZkThueRy2HLVnQ8jObJYaDIR0UWh/FaPS9RlG6kaIJdRdLPf/Ln6qH0K14zuIAzxl7R5SLNV9dqXiTUOtkV178RYwItWXqhJQ87/i90+dn3WOLa2fZPXkV3HbT1HPWKSugWEl9QIzA/8Ml1MYlYyjWRvbjNjO2H1vaBEMikhpQhSBaKKqaxttvnSsnlRMTG185Sm2p56wAlY0hnay/V9nuf3vEdJFPdmua2Bo0Wx0von74ln6CtdoL98nrSPSxEY3YUKsQLAtQt/qbGwPrJV4gdFaRGxV41VJqC5Ebv+tqkleI2EtkaQopy7hdfST6/oyhfRLdVVVNTTsOXWxBiuKAfdjzpXeQ5kKFoURwdcOgdL7zmupDkAsSXbbvxLP0F1kJE1AMooavN5lyScvM9fxLSrOcZ4tK+9gaNzjCKKwaALVSSBtpKggVVuSigLEWgLlbC67b3UdqHpdMWTr821Q1UDSOWRg+Gww+KobT/cS56427n4N3g+xRJImktpaz9aeR8qEKGsJVGwbtofQ8V5IrOZq6kpq4bq1VTIMjonQtvEb9JYEnu4lUm2IbWzxs4YSIlh8fQxf99AezO1MFrCWBBEqMlVjrTYp0zbeE1HYzc0rUyVELOgqWdKUvXtLqNoJdHcjBWMTDZcQT/VQ0SfoEYfdPRJr0fEOCHZbnpPYLUdWY9GxHtu8ZlNhDZ7upaIHm3LvJuypK8rOSTzds2+HhOqyyLbXY+L5pgzI3gYqXH2Cih5AmpC/1HBCBEMpcYaKc4JPTkJWDZZAdVNMnMOo5PNf7gBogoRYfNVNMTFEJB0cySx/jrZX9AnyyQtIE5wHaGIaUC75CpXE4Gbk3vowhKqTXPoKvjpGsyZSc6oBYfF0H+vJVwlVfZcaGgdFQZ9nPf1qUzNfmpoot5p6nXzyIpbWrZsbw+DrHtbSbxLQTjMnUBMJsYSqjZX2L8YRbwurrog06+lXyacuNsWz2o6mSohgKDlnWG77IqHqpBVVl0VRTLxApu3LddsnPwyanttrEVbTb5Bt/zwRqaZ3+GlwVR/zXe8QHpFHeCTJ1kYSZNq+wnrq1er2Z2vAV8eY7fourj7OUUnvkWW/R5Jiruvvkk2/QaSPlhQrgpvo42H371NMDjVpu2t/HGn2eyRpFjq+ScAxTni/IWHLxBvwzZidEi/zK0WJIWY6v4Pn9GKP+AmNI38cIZIUyx1v4yaPc678PsloJV5dtFGDiImJQDRGUqy1v8p86muE0n7UQwG0yAM7Rhw2EheYU6/Cxv3YJVYpkFodjTqgSgLKAZUEN0upWGRRv1U14K2BI5eQLQg2CmHlHpSXoPtFaD8RD56tPn1p7db7A12ytvEl8Xtrwc9DYQYK09iOt5qjHQ+BFiKEeC1eGSiuQHkN2vqg4zS0DUCyK57hUnsu4xAjGbngrUNpCcqL4FeqO2E0tjrEM6C1CIF4gBzARFBagcoKOO2QHoBkJ6S6INENKsHmzK9t/9qa7TEQVcDbAL8I/jp4uTijvnb9FkXrNk1VXxYIyhDMVCUoEROkknE1AvYhxIQQlSGsbAlSixNRQ+s3saZaoJrCGIC7sfXdk1Aj9ROE1idkO2rpUJ+wQT4MWqtrLWZgjwKtQ0jNcXKJM84bFBMC8da+C0StNweOnJD4wEjBWiHrKzh5Pv6iAhSqr2chqabeDHGl0jKwARSr/+/todA2SCWUzae2WuGwgCOzISJQKLtMzy8xt7JKZi1PoqOHS//4v9JvMrD2EDYewsoNyN+P44hyFBOjgATx82y7p1RAPOARMSEpIN0GbWeh/03ofw26TkP/Ra5+sMG7797mbH8bg329vHDqOKf6e9HVpL2jQNMJcf2A2cwyd6fnyG4UKVc83MCnUvGphFl+O/M5vvPl78FpN3ZdvRyEpTgeWb4Zv0qzUHwAuSXwDXRVSfCB7jY4fhnaz0LPy3Dybei5AIkuSHbHMYyTZrXg88H4fyGzskS5lOTRYpaRqRnaU0kunRnk5aGz9B3r+n+TEGstuWKJkclpphZXyJdcXM8jrGYrigiOo1CBy0e3b/GtL7xGItEGThuk+qsXMTD4JQhKYHwIy5AdATNPMPJ/UIPn0YOvQ/tLsQSoZPx7p6MaRO7E8N1h7k+MkU7Ekb/nB7iBT0402Y0iww9mOTXQw+svnufcyRMoUQ2tcdIUQoy15Itlbk085P7MIiXPx/N9rLHxWt+2HiqlSCUT3Lx7n9vjE7z12Ss7LyYqHlxnayHQdgxRvv+IR//5Osd+9xVO/fD3UO3dT3322Q8CPrxzl8hEJJNVsqqVI6w1eH7czny5wnQmy2DvMb5w5RJDJ49vli38RBFiraXketydnuXm+EPypTLRtrKej+uQVopSxeXj0fG9hOyGMVRGx5j5Vz/GvTOKP3odbQuc+OM/RlWPU30cxh/OcGtsEkc76CeUQo+iiHIlYtr1mF9e5cKZk3zpsy9xoqcbrRvjD+kf/vCHP6nnBf0g4OHCEu99cJPRqTnKrnfgCnPxWeqGfLHI77x8iZ7ux+hwa6mMjjLzox/hjt0jeeokCBR+/WskmaT9jTeQxOMTFN799XVujIyRTDyZkO2IjCFXKHHv4Qyu69HT1Uk6mai7Z1Y3CbHWspYvcnN8ipsT0/vXXjwAlFIsrqzy2zv3GDpzar8bUb5zh5kf/5jKvXskBgdBBNXeDsaQ+elPEaU4/kd/FH+2C3OLS9y8ex+t1aErU0dRiLGajycfMZNd46uvX+HcyQGSdaxwXRcJCaOIueU1fvnBTSbmFjHm2YtEKqXwg5CK6/LmZ16is32n+infvs3Mn/wJlZGRmAylNncWJZWCKKJw9WosKa+/vkdS3rv+IX/1Nx+htSZx2IGsnhRgjKFYdpmYmUcpxbGOdtLJ+qQMPZciFKDi+dyZmOZ/XP+IhdXcc2/4KKVQWjG9kGH0/tSe79d/8QuKN26gu7oQrfds86rOTkwQsPKzn+E+eLDju7WNPLfu3cdYSyLhPHexziAyXL09xvsfDbO0lnu+jtfa/6w/jAskV7gx9oD3fjtMqVCsyzKEtZak41BxPT6+O47n+zu+H/jDP6T/Bz/AeB5m13dYS5TPkzx1ijM/+hHtr7224+vRiSnuTj1ChAPbjqe313Dv0QLv/XaYmaWV577eM7VKRNgoVfjNnXF+c2ccU2c30HEcRITbY5PcezC947vU0BBn/vRP6fnud7Get/XklbVY1yVx8iRnf/IT+r7//R2/8/2A4fFJypUKqWSyvqVsRZhbWeV//eZjHsxlnutShyZERFjPF/jg3gNuTzyKDbe1da8MmUg4ZHMb3B6b3FPWO3nuHH1/8AexfQjjQwmtMUTlMl1f/zo93/venutNPJrlxsgYxtjD246noVqhYj1f5lcf3mZydnFvRaMD4lCEiAiFSoW/GR7jzsQ0USPKIhGrrXQygTGGj0bHmM3sLRJmXBcbbjshUgRRClMu73heEcAYy8jEFCtrOVLJRiblWdYLJd6/Ocp0ZgV1yFKCcEhC/Cji5v1pxqYX8FyvgR0DEBxHM7OwtEdtAQSZDNbzNiVTRJBkEm9yknB1dcffLq5k+Wh0DM8PSCfrf+bHbqxuFPjrm/dYXFk9tKQcmBCtFHcfzjF8fxo3DJFnYP8wsNbSlkpRduPIfW1j58HG/sxMtTpltQsiiNb4Cwv4s7M7/nby0RwPZhZIJJzGFt2ttd1Y5pezXBuZJF+uHCp4PBAhSglzS1lu3ZukUCo1bVdHKYVSitHJKR7MzG9+bioVvOlpcJydlYNEMOUyYTa7+dFGociHI/fIF4u0p1PNqUsvEFrDg7kMH489IDpEgPxUQkSEQqnCjfEpMusbTZlhNVhraUunWMvluT02QcWL1WS0vk6YzcZk7C7N4ftEGxub/59dXOLO/QeA1M3VPQiUCEEQMDI1y8TM4oHv/dS/UiKMTc8xMbdI1Khyzk9A0nEIooiPRseZqxr3KJ8nyuer6aE7zpIAY/Dn5gBwPZ+P794nk12js6MN0+Q0RaWEXLHM7YmHrG0c7Dz2JxKiRFjMrjM2s0DF9Q9bf7gusFg62tqYyyxz78E0kYVgcZEwl9tvBEBrvKk4wl9aXePm3XF8P6i/q3uIHswurzI+u3gg5fJEQsLIMDYzz9zyKvoo2CB28dOpJMVymQ9Hxshu5AkePcKUSnvUlVQJCTMZcCs8WM7yYHY+Xg87oiReJYIXBNyfXWRhZf2pXpd60oWW1zeYyWR37GUcFdrTacam55jOLKNWs2il4rWs7aglKpTLrK2t8eHEQwrFEm3p1JE+zVjTNNOZ5ac6FY8lxFjL7FKWxezTWW00rLV0tKfJFopc/fAmbjZLMpnc18HQWqMLBcZ+c4ObE9O0pVvjOUY/CJnNrLD6FFuyLyFKhNX1DWYzyxhsiyQvCam2NHdGxpi6O4bSguyza6cdB5PPcf1X77NaKNLR1tYSRzApgbmVNeazuSfakv0lRGCtWGZ+NYdpAXUFsZR0OpoFz+emG6FNrWzTTmhgJZFm2PVRgd8SuVZQPUfX9VjMrlGueI9t1x5ChFi8ltY2yJfKzQw7ngoVhthUirvnLlBIpvZUk9PWkIhCRk6eZWVgkM4waKkn4UWEhew6a/niY8dV7fMr8qUKmex6y8yuGqwIHb7PzLE+xgdOkjA7S4wra6k4Ce6cOI2vHZwGnqb2LKitlG8US4/NwtwrIQIV12W9UEDq9XxfHZGMQkrJJLcHz2BENgkRa0mGIWMDgzzsGaDLc/cU2DxqCFD2ApbXN3B9f18p2TPixsRLyOuFUmvY8l2oSclE3wmmj/WTjML4/BEAEYYHz1JIpkhG4fPeqiEQgWwuT6nisZ+3tIOQmv1YK5QIotp52a2HtjAg297J8MkzcbFMa0lGIbPdvYwNDNIR+E+uB3/EKFQ8vCDYd8LvOupGCKOQiuu1KBVbSEYhI8dPk+3oxDERyTDkzokzrLR3kQ4bc7R2fSAUymU2iqV9V4F3EGKMIV+sVL2r1p1hFugIfOa6e7g7cIou32W9rZ3hwdMtZ8h3QwmUKh6Z9TxeEO6Rkh2EhFFENpdno1hpzAlp9eyYjQ91uXXyLNoYxvsHeXSsn46g0TuZzw9jLRuFEn4Q7llt2FwCFSCKDIVSmbLnH/YeTYcFOn2f6Z4BPjo9xPjA4A6vq2VRPVvL9zyifRwPZ/sfhsawXq7g+kez1H5YJEyIrx1+9soblBMJunz3qJv0dFQzVMzuvZwqdmwSRMZQdj0iE7W8yoK4GFoiiljs7Max8XGtLS4fm4jTbfd+voMQa22cA/U8RwQdAZImQqoHRn5SEBmz76LnNkLiBLIzx/tQotBatbSn9UmFED/WN9h3jGRi7y7m5ifWQnsqyReuXN70jz8lpDEw1qKVIrVPwvcOikSEVJ3S6j/Fs+H/AjP8sVPrZ7HTAAAAJXRFWHRkYXRlOmNyZWF0ZQAyMDIxLTAzLTIyVDA5OjUyOjIzKzAxOjAw0jg9LQAAACV0RVh0ZGF0ZTptb2RpZnkAMjAyMS0wMy0yMlQwOTo1MjoyMyswMTowMKNlhZEAAAAgdEVYdHNvZnR3YXJlAGh0dHBzOi8vaW1hZ2VtYWdpY2sub3JnvM8dnQAAABh0RVh0VGh1bWI6OkRvY3VtZW50OjpQYWdlcwAxp/+7LwAAABh0RVh0VGh1bWI6OkltYWdlOjpIZWlnaHQAMTI308NcEQAAABd0RVh0VGh1bWI6OkltYWdlOjpXaWR0aAAxMDYFA15YAAAAGXRFWHRUaHVtYjo6TWltZXR5cGUAaW1hZ2UvcG5nP7JWTgAAABJ0RVh0VGh1bWI6OlNpemUANjI1OUJCjuBhKAAAABZ0RVh0VGh1bWI6OlVSSQBmaWxlOi8vUE5HOqYqZyIAAAAASUVORK5CYII=', false, '{"lang": "fr", "writingMode": "direct", "writingSize": 1, "writingColor": "#000000", "notifications": true}', NULL, '["eyJ0eXAiOiJKV1QiLCJhbGciOiJIUzI1NiJ9.eyJleHAiOjE2MTY1OTc3MzgsInVzZXIiOnsiaWQiOjEyfX0.aD1rpTLdM-lEog90j_eG1odI2T_y7_N7vNZ5ftpTBUg", "eyJ0eXAiOiJKV1QiLCJhbGciOiJIUzI1NiJ9.eyJleHAiOjE2MTY2NjM3MzYsInVzZXIiOnsiaWQiOjEyfX0.j7Fw_W9hH8ePHOOL3pxYfPZblf12p7ys_o5Ag12g3Dk", "eyJ0eXAiOiJKV1QiLCJhbGciOiJIUzI1NiJ9.eyJleHAiOjE2MTcwMDY0NzYsInVzZXIiOnsiaWQiOjEyfX0.xlbVntu7j24N69J6FdmZGUs0FOiXYgDVkNi3knBdgFs", "eyJ0eXAiOiJKV1QiLCJhbGciOiJIUzI1NiJ9.eyJleHAiOjE2MTcwMDcwMTcsInVzZXIiOnsiaWQiOjEyfX0.rE7IXNVFdZE27fDwJ5x0a_2cazfIwU0dqiAALTa2GbY", "eyJ0eXAiOiJKV1QiLCJhbGciOiJIUzI1NiJ9.eyJleHAiOjE2MTcwMDc4NDUsInVzZXIiOnsiaWQiOjEyfX0.5DUlY6kVpuOClPTYaEBcLNc5P6J5kwGVjX_rQYnbKt8", "eyJ0eXAiOiJKV1QiLCJhbGciOiJIUzI1NiJ9.eyJleHAiOjE2MTcwMDg4NDEsInVzZXIiOnsiaWQiOjEyfX0.WYVGlbToAwU5ileKWvvdn5D40LM5SEoOf8gOSVS-w70", "eyJ0eXAiOiJKV1QiLCJhbGciOiJIUzI1NiJ9.eyJleHAiOjE2MTcxMTY1MTAsInVzZXIiOnsiaWQiOjEyfX0.PcsXyiQoprv0T63ZpKMKexEeByqvOUuVxa1UUNAaet8", "eyJ0eXAiOiJKV1QiLCJhbGciOiJIUzI1NiJ9.eyJleHAiOjE2MTcxMTg2OTcsInVzZXIiOnsiaWQiOjEyfX0.UP1_q8SnXlNoFvFiU4OZnzLbSb1OD1teGgeHSg9QoTY", "eyJ0eXAiOiJKV1QiLCJhbGciOiJIUzI1NiJ9.eyJleHAiOjE2MTcxMTg5MjIsInVzZXIiOnsiaWQiOjEyfX0._Rip85sUq-XWkl07KcdjYgobUM5GTzlBqS8TnOcnqdY", "eyJ0eXAiOiJKV1QiLCJhbGciOiJIUzI1NiJ9.eyJleHAiOjE2MTcxMTg5NjIsInVzZXIiOnsiaWQiOjEyfX0.scG29IGlmva1ZJ802QD0_S3TYlzzdjRKXWm4_4KWY5I"]', NULL, '2021-03-16 11:43:27.137354', 0, NULL, '["stamp"]', NULL);
INSERT INTO users (id, login, email, password, firstname, lastname, picture, "isRest", preferences, substitute, refresh_token, reset_token, password_modification_date, failed_authentication, locked_until, signature_modes, x509_fingerprint) VALUES (9, 'barbara.bain@maarch.com', 'barbara.bain@maarch.com', '$2y$10$Z1y7ZdtDQamLJSCIzoyshecUIpqE1JIfCtaqH7DZxjXhiFUc5oveq', 'Barbara', 'BAIN', 'data:image/png;base64,iVBORw0KGgoAAAANSUhEUgAAAGQAAABkCAYAAABw4pVUAAAABGdBTUEAALGPC/xhBQAAACBjSFJNAAB6JgAAgIQAAPoAAACA6AAAdTAAAOpgAAA6mAAAF3CculE8AAAABmJLR0QA/wD/AP+gvaeTAAAAB3RJTUUH5QMWCjsObhIV6wAAIGpJREFUeNrtndmPZNd93z/n3LWqurqrl+me4SzNITlcZErkUCQVSbETCbZlKUGsBI4fkjzESJ6MBEEeggD5C/I/JDaSlwQBvChA7MiWnEUSzUWiSHMdcoazT8/0WnvVXc6Sh3tv1a3qno1k97ScOcDtrrvWub/v+e2/c0rYL3/Z8rAdmiYfdAcetsn2EJBD1h4CcsjaQ0AOWXsIyCFrDwE5ZO0hIIesPQTkkLWHgByy9hCQQ9YeAnLImvugO3A/LbGWGINmd/jNWvARVISDFA+6p5++HVpArAWNpS81WyKm7aSEywmqplCOAUAIKNM+0BJ2AlTLY8H4LBof38hfKIAOHSDWQiIMO0HMlVoPfXSAWohJAkUqDDYXsiInssj/CAHCgvuowEMS933WboZUNiusDuuEiYsnJHC4g9viMIXfDbDlRVw/0qZ1rEe8EJFYi7EgckIWQJBzx2jwF6AIRhzhSUGgJO56hcW1WZZ2ZphLA5xDzDGHgkMsmX64Ntvh2uoO3cUhqWOwaZkTBEKAtTY7ZgGR/yv284fpHKzEWhKhcY/3iJaGbG12mP9kntO9WQIkhxGXBw6IBQZozs03ufnENvFMirYgNBlVC0KLTJwJkaNwH6JHadCeJj3eI5qPSC9HnLi6QEP7u/TQg24PDJCCnH2r+fDoFtcf2yHxNFaXxFLRysAU+0wCI3LAyHWJZZJ7rAUrQFcV609u0w1iTn+yzNG0MhJ/h6E9UECGxnC+0eb6qSaRq7GmREDGdC9zSRkYKzJRtotjCjFnS0eL5xpIpWFwussFabHnVzh2iEB5IIBYIDGGa2GPS49uMfTVbs6Y5orScWvHCn3ECYiR4s9E222ekSOdCotZ7XHRgnP+KMsqPBSgHLinbgFlLdsy4eLJHfozCcYwImSxFVxiimPsPjfaLz4jsuunnjWxn382FhSW4ake107s0EcdCov4gQDSN4Yr81125ocYK7CIScLdgfgFMfcktgVrRb6xe5u+1kAqLc1Tba42uqTWPnBMDhQQC6TGsuVFrC13UK4GM0VI9iD6bYk/dY5cuQMGkYF9l+cYA6amuHmiyY6bjDjs/wtAjLUMrWFttk93NsYagWGvEX4H4sMu0ExOwYW6y/Elj3pF4IixGCsDPSHm8mPKgFkZcmWuTWLNAwXkQJW6ttCSKTcXehhsppiLETmhgDMFbQvHr2zO5grb5go4I7ClGricfOprzC6eZLDxLts3P2Gr2WeQkHv62ReMzOPim0R2PvUM/dNtbrZmWDUVrBAPRMEfGCAGiK1hPRzSq0cj3UAZjLIHbkVuSWXAjEzhkpVVNEdoHjn5NCe++m+oHH2R4ea71K/8kPpH/5316xfY6SqUEQgxfuZ00waSRsKtuT4rOyEVcif0ry0g1hJjuTXXR8sxd+xquwheIoqYFPAZ9xjmF+qsvvDbhEe+CEZTWXmBYOlZqsf/JtV3fh//gz9no9knUYWDIvLvmOyA8gzDkx3WmzOsEo59oQNsBwaIspaOVbRmhqMRD7noKdOloMK0g5hRMjs48r4t1UDy6LO/ysJTv4nAgElAaaT0qJ74OsHSFwjm/wPOa/+RtY1NUlNSm1PAGAPJfMz2zICVTkD1AUQhD0SpZ74HbAYRqZ+ll6zJlbLhtibpLp/C5ErfZP6Gg+bEqac58eLvIIM50AmZcDRgFKgIJ2iw9OK/YvXr/5LlpSUkZpcFV1hkWoMJNZ2jPVpWjYyFv3aAGGtR1tIME1LXjAAoO3+3dQBNQbQpR9FYGrNznD77D6gsnIE0AqPHm9WABhMjHZ/F5/85j37td5mfnYXc35j4ntwiUxaSRkwzzEL/B43JwQACpNYy8FK0BKZ8DkocMeIKdvsiZgSgxXcFp7/wt1g482sZNxiVgWBLgBidySGb4HgVls/+M0499/cJHDE5KErPV1pgGwlb9QGxOXgT+IA4JIvqRp4GUSZ0BowpE8dwWyeuEFtgOHZ0lVMv/BZuUM9ElS1zh5nkFKNBJzhBneNf+V2Orj4PRmdOIewCR0kYLEQ0ZYq2BwvJgXHIwNEkrt7lJdvcCRlxDJPcILA4wk4A1Jip89RX/iG1pcchHY4Jb82YS6wZA1McN4pw6QlOvfRPqVZqGGMnwc47kCoQKxFbTow6YLG174AUImbgKCJX3dnjNpOhDmMsoSupBP7oWk8Ynnjm6yyf+eUpYuuSyCqJr2kRZi0Lj3+D5dNfBZPuGaYxFtJQ06lHDKzBHCCXHAgg2sJQ5hxioeJbaqHNOIRJjigHBiWwsnyS2vyJnJs0R1dO8eiXfgPHDUCnYKd0hymDMq1XFOgUv77Csad/nSCcxeR6ouhDAU5qLOroMLO2DgyOgwDEWrS1RI5GuZmICH2Yq9lR2EJicYXByV/dWIE2lsW5RU6eeYko1RitqYcVnj77LerLpyf1xogb9uKMEjCjfcvC6a9Tn38UY/TuML7NBlHSiGmJ9ECjwAfCITGGvqtAZq/leZYwyHRDVWgeqQecXpzj5FyVZd9Ql4qqMDz1Sy9TWz5Nv9dBAo+dOcvRM1+Z0hXToJQ3kyuq3dcGs8eYf+QZsPK2oX/lagazEcMDtLb23VO3QCwMfU9l8OeOtiMh8Fy++MVf5onn/zZOtIFRMUnUZ/P6BaJowOlnXqbZ66DjAYtz8zz5/K/iB7VMHAknr/fJvWlDtm+zkD6CcT2QESB16VqF43osrr4EP/8TrI2ZDNFk/VSOYTAf0W8a5qxFHkBsa98B0TYrfBu46QggbUBry8LKKb7wrX/BTG0Gmh+AGgCSpVNfwCJwqw2SJOHo3Bynnn6ZuSOrkwQvirEKPi+EvczPGT3+PAopA1YhnIDZY7+E54YkSTzqW7mUzjiQzKR00Sjr4R5AJGVfAbE5jRJh6HsaAzj5OaUdqkdO4tXmsqusAK1BWBzHAeGCSpipNzj71W8zu/IYUsqcO3KNP+KK8pdO7RfXFP+LY47Br8wQVmtEUQspxUinFXQ3BtJQMawkJHFAIPc/JL/vgGhrGQpD6miEFViRKXNlBIvVOtLanMDe+C5jQCiwBs/zOHbmy4AEk4J0pwitGMlBacejoKwdrRh3qEBLKxwMlbDGjrHjUHseUS7yMMpX9CsJSWSwB1Bct7+AWIvG0nYT8LOSUMdm9SFpClbFjMpNnJBxKaLNlXDJ9JFeJoIKoo1EVv5lAjL+k5m+GIEixp/LusUkSNXHC4Lc0mMk1iwWx8n2lW8YBimRyazF/dYj+84hylpaTqbQrQUp85iRsjSbWxg1BL8KTolD7Eho5CM+V95FnH5E1AKIkggrECqLNPJniPy4zWSTSHZwSgFOmd9tEFTdzNRNtCUJFZHQGOvue4Jk/wHB0nFSTB7+8F1IlSBNLf1eF5P0M0Ckn99kJwu0jAGpdo/ygujk+VyrxynFIjRcnC/+UwJNGEgHGDsOnxSPLhiz4kMyEKS1hIGnUMbHZ3/1yL4CYmw2x6PnqszyJOOQRAni1GK6HdJek8rMUmbGCicDYNrq1yVrqcwdhZVV6IZi9EMp6c4eOkWCVVgVYfISpDJjWrLChzCA7lAQ+5qh1Cht9z2LuG+OoSUDI8aSeJnsd2Seu04hTgVxFNPauj42SWXArmhfMVyNAa3G3vYo5J574boInZSvKYdSShFgoyEZYNKYKM58kHECbBz4xFocASrQRFKj8izlfrZ9F1nbJFgvewkpBGleIJgqgITW9ganbO60SY/RUC0Pw2IIj5HOxVehW0RJhzDWG3aKk0oKnXiHNBnS6bRGFY8iUyAZUxmB0hlHC88SO/pAIr/7Boi1FgNZTsHNpLM2Am1y68uAVSnNnS2sThBCZoAUZvCuN8+pVdYhRQFv4c2NlPqU101pFo/RMNyCaIthv0O/18sSZuXri9CJHgcdk1CR9Axm5En9ggFiclA6jkI5NsuDFzW8+R+tFe3OTjZiCXIOKUzfXRDngSY95o5pE3S6WHvkOIrsepvAYB2SFlZIWq0tlEpH0xjKRdwC0FqMM4muJhW/wBwC2QymlpeihUCrgk4WmZcBGQu99g5Rt0lldgWEzBW7YsrBmCS20bsYAZhU9tNmsOpBtA1JFxwPYwXt1hamEJd2slavEKsFlyS+IiHPjeyjL7IvgFggwvAzr8PNekSUO9MIcB07fnEL0aBHv7OTA+JknrhJS9Qu6Y4JBPT4eDlhMa1LlALVh7g9fq5w0dqytXkLrW0WkikhkoVQBKmGVGcOrRJZoYaBfbW0PldACtW7aVNeDVr8vNphIA0kmYz2XINw7EQpZ7fXo9XaZumEGXNIWYlTAqJcwFWIr5EOsSUgbGbOpX1IB5lILL5UCJAuybBLu72DMRZRNpexWCEwGmKThXistShfo7H7nj38fACxmQPYRnFeRrwatrnmR6RYRC6qPNfiOnmW3IAQFotgMBjQaW8zMp2kzzg6W2BR5pISQNhcvFFyBC3oGFSSmb7TUl9kHNLttEjiiMLkHT8i20+1KOABQDsGhd337OFdASlep28zue1qMfJVtbB0hWJTKK4Tc84bcskbEot8tJrsOt+z+J4d+3AwsmziOKHX3oE0yY77dVDDPBQvSiO3hMN0PWkRAbYK0rxQbvqmkXfvghC0WltE8WAMSB6ZMYDVY2/cKYnYQlw9cJFlgW2r+Jns0Qv0qDMplo5UbMiUHalGFqmgiBlmmcFKkCnyIiM3mjtIpti7O5skgx5+ZSYjWLgAQ3JQ2KVOppyUbLN7gABjMTdyPn0skp3tdaJhHymdCRGamebZ/Y7MosCjvh9AscM9AaKtZdY6nNIBr9suF72IoavRMhM7I1PR5BROBSSCSt1QCQxCwvS7ZMBk8rnVajIYdjNAjMkCjWEDIgMqmuSSMpFHD5vmoikOGnFJ5nymaUKnvYNSGs8b+xXKCNJ0PKMrDIoKR4GIHYTdP+vqvgApIuLLyudrZo5T/ZArImZdpETSYAQYLNKAl0hEIkhnUryqHdn3I2JN6Wpj4eb6OuvXztNoLGXHjckSVME80B5zSnHT9ECdUPZ7+SaFiVcBN6DXWmdnZwOEHHGsUoIokeic0RyZF2HngQMZOzj7HFi8Z0AcwJMS31pCK1mwHmhBIAUqAUfJEZdEwrDTGCJWFNbLSn0mZsSW80AWhJDstNv85Ec/YKY6w/HTz+SEza0uv57dpAaMJfgEtacOTZ0v/Aa3CsEsxgquXf2Yne31kbhKtWAQSVTJ/Zmp2FEyUgB+38WzchSif2CAZOEfgQ/UHQdHCDwgMZpWI6LtKSqRS0U5IC29SkpUTdGOnZh3XtCtmA01bcleuHSJP/v+9/iNb1seWX0qu7pISLnV7L/KqxTFlFKZUCkTHmRmRnszEMySasOFj37K63/5feJ4iBSCKBH0h5JEiVHovRJmRkgxbUImAn/oESBw9nlm1T1xiABckXXGFwIPQc9oHM8yqCjiUNHNQ+M6V4CYPGpRAFD4XdPzPkaZP8lHFz/B/Mkf8c1vfIvVJ57FKSsfJwRkDko6aRlMiLASFzk++LMQzDAcDnnnrR/xxqt/zmDQwuISxRkYKl8cxVoIPEs1NJlZnuPJtkct8qk4EuewZAyLQe0JgScEFStpJC43wpg090OAbI0SsulgxTzC0TS18uSccvxIAEIgHZePL12mN/hjvvPrCWeefi5fqSGPi0sH3BC0zKoWC/O2DI7rZNc5YcYZXgjWcvmTt3nlR/+D4XBIonz6kWAYy1FnLILQN8zNGPy8oA8JMoVwK6ShfUJP7nNo8VM6hgKLYyWNXsBsOKTpmcmJlBRjVEykyYUtTeQs6ZRyUM9xXa7fWufnb73OylKDubmVzOoaee95mF6IvJRUj86l2nBzY4fIejQWlnG9Ab3BJjtrF3n/3Z9xazslTnySdKy8ix5XAst83RD643dxLIgNn3q7yrzrUJHycObUHSEIpWA+DpjfrKBW+vTdrAZrlM4o1ScU72CFQNzOli+sGUAKya3NTT658D6rJwbMLazg+lWyxLwZy0HpFskLcDy0dGn1O7z9zttsN5tI6dBuN2k1dxgMY4x1d5nfrmuZrVpmqwY/L8QA8BxwOg7B9RmOioCG4+AfwMzc+wakEFt1x2HZ9ViNZlBr4C4NicIsQyiEzX2PyZC7KJ6Qa88Jj7eUh7BkQb1BnLK2dpVut83y8nHC2iyyKIYoQHErma5wAgLpcuaZOp6jefNnr3Lh8nWanYhUZRabsAYhs4iB60AlMMxULIFvx/oOgeeAbAvExRqPpBVWApcZx8E9jIBAZnVVhOCI55FaIIFrN1yaboJXS9GBQXrZ3O/EnXIKR0pd5GJrPHe8qE8AwSCKmTvyCPP1Ktu3btDv91hYWKE+f4SwUs84JjdbtbUkgz7RoE17ew3d2+K5p0/y0ovPEswtEUUpH5/7kNdf/TGIzMdwnSws4uRqxNjMCPEEqJsu4nqVU2mNk4HPguMQHtC89U+pQzK/ZA4QvocvYE45bKqAVlPRM5rIWrrVGHs0hmAcbt+VTigVKRTnhJB0O300kqOPP0m1VmNz7TrrG9fZaW1Rq83hBVWE46BVilaK4aBDPOyBsMw05lk6doLZhUWk54HjIkTExx+8zjCKMj1QhG5y09yVIIaQ3gqobFY4SYXTQcCK51HLzf1DCwhkst6XkkZuCs85DiuuS98YesbQ1YYLBq6YZBwDGkuriRUVMiWfr96QH1PaorXCdR3ml49Src/S2tygublBq7kxtgRyUB3XpbF0hMbSEWqNBbwgzJ6sDQiD5wW4XogdRBiZGxF5VtHRoDZc3K0KC3HISc/nuOex4nnUD0h3fGZAClA8IahLSUUIGq5LbAyRsVzVMR+HGuvZXYp0z3WsmBRjxeQZTGY6h9UaKydWWVw5xrDXJY6jUTLJCyuE1Rqe7yOdPIRfOQp6APFOpq+MzULpIi9USSUyFtimg20HzCufZelzLPRYcV0WXJeqlHgHvMTGZ86HCDKrS+YefGwNl8MBb8ouNyqDbEFKe4ebS9xS4GSB+bk6czM1yhPZhRB4foC3EEw+YwJlB8IVCBoQ5zkWY5ibrSPcBTau9JhLPCqRRy32mcVhwXU5Ergsui7zjsNMrjMOSkx9roBM06VvNR+LAZecIbHOvEErQYqM1LZwFkv3FCJNW584Vcw3avzd73yTRx9dzeqtsqv2+Lby4RzZYBH8OYhbELVyQKFeb3C+WecP34o4ETh8qSL4GzWH1cDjuO+z6HpUpSTIgXhQa7B/boBYsrnoFSRnB7PMpXU+NHVueT6Ro3D9G0iZYqSLtpa+0cQ2C5kEfkBQqbNlv8u5Sz/lSP0N/nG9gV8NIVF7oL8XOBa8WfDqEG9D3Mwyh1hwJDc2O7x/eYd1HeLN/xN+zJDXuu9xdtjha6HluUrMmdAhdP0HuoDs55pTF4CLoIbLMimOabM6NLS1pm8sV9MjXEpmWUtW2NJVdG2ZhaVjzM/PsxAsMFNfRF9u8v7lH/LKm+d55pnHcUc59r24Ygoco2CwlsW7yl6OlFxZ73LlZpsgmOWJJ7/CTK1Bp/MN3mtu8ZOdS8xtvc8LTo/ngiHPVTo8VQlZdHxCebC88rmKLEcIqlKyIkQugxN6seJKPOCd4SxX9Qpdr4pYfIrl+VM0Gg1mZ2fxPA8hBNYalpef4fqNx3jl7cv89nd2WFhYzrX7VGxmBE5pJ+3l58vR4CwWdulqkxvrPSrVLyOFSxzHhGGF4yceZXnlON3eWX7a6/F/W+dZ2rnII1bzUuUqX6+lnPJ9jnmZSPuFAQTAWEPPKD6KEj6I4NX+gDeiZ2k7S9jaEvWFxzg516AS+nieixCCNE3RWiOlxPM0jcZJZmqP88b7r3Hh4k1eXlza/UV3yn9Mn5cwGMS899EtUgULladJU4NS8cQjq5WQaiVEzc8TJS9wrtPm/c4l/utmixX7Mb9SvcVL1ZAnAsEJ36UinX0RbZ8ZkNRa2jrlUhzxak/wduTz0yjkFl/Fr81QOXqExXqDMAhwHIEQFqVStFZIKZFS4jhOFh02BseR1Gef5eram7z78QVePPsUEn/S77id+MJOck9e07vVTXjz3FUgpVZrEMcJ4jamnxDZ8oCLjVns3PNEScLVzlP8Xq/Jf9rc5ox8n+f8AV+u9nmhKnjED5iR7ucGzacCpBAgN5KY/93t8medZT5KZ7hijqGDp5iZr7JQqRAEIY4jERjSNEYpMQKhDIYxBiklxhhc12VudpVba7O8/h781rc6zM0vTSULpxNTd9IvlvWNNuev3ETKo7hunTRNsPbeC3rmZuex9QZJcpyLwyf4q26H7zU/5NFWk7NBh2/PdnmxWmHW+ewC576eUNBEW8tfdNv83lbIK4NnaTmrVKtLVCs+ruvgutljkyTeRfysimN8rBBXjuPkFYRQqVSQzjJvfFhjY3OTufkFJlY9KzCwEx/2bNrCm+9cpt0d4vsvYEyFOI4+VQWJlJJKpUoQhKRqiXNxwvv9G/xg4wbfrV7hdxZTVn3vvp/7mQAx1vKDTod/e8PycfoifvUo9dDDcQRaZ4VpZSILISZE0jSHFOeLc9ZaXNclCJ5nq/lHrK1JzjzxxO6uTvgf5ROT3JJYy0/+6ipRklKvz6CUwZi9ASkmft4NLCGy9RtDT2LnTrGVHuP3h6vcXP+If7eyxqrvwKcUYvcMSNHFd4dD/v2tTd6Pvk2lsogr7UgxF8QtRrsxBiEEWusJok9v5eOZHnGoVOfptS3vXYKvvdjFqzT2iExOg1MGKNMf3eaQDz8ZYMw8QhwhTePRDdOELwg9fXyv64pjBYgmXOR/Rs9ydMfwr49sMOd8Oi//nsuALNBUiv+8vc1r/eMIOYMxiiQxu4hbAFAANE30O21aa3zfJ/A9NuI6P/1ogX/UbTJfbTBa92K6TYNUhJZdyQcXNri5GQIrKDVPFA1v+573yiG3f4DH96LHeaE34O/M9pGfwuO/Zw5R1vJ6v88ft7qk9mWk9UnTdEI/lAmb/fBKNpLGxwVSOqP/ZX1Svh/A8ypo/Shr6+/T732R+WWze2bVCIA96ncBXIdX3rvFTucSUh7DGE0c6zu+Z3lp2OIdyvt3a5cI+W+tFZ4LL3AykKNCws8VEGMtTaX4LzubXE/OAI9g8iLnYuQXXDEthgqxNSZ6wSnmjmLLdQMc5wg7nZ+xdusRjp8YItzq7mzX7QCSgmF3yIfn10nSLkI8Q5qWCiPuEZDpc3c/Jvg/aoG/7C/wXa9JeJ+rP9wVEAMo4LV+n//V7WLwyErn9KjThf6YJurtLKq9OGr6Osdx8TyHrf4MF9fgbDLE86q79cV0vW9hdLkO5y9u8NGlJtZ6QJU0TbiTRXY3oMqEL/b3AmlDCf6wVePl2jqng/tb//fugFhLX2v+oLXDRtoAHmWvUWatzeYVlhT5tMlbtqqmzd1pk9hacB3BRnuRT9ZqJFEXrzI/TabdFfEFbaTgnU+aXLx+Ix9SdxZVd2u3U/R7gaKt4NWe4JVen2Oef18hlzteWXzFe9GQtwZDNEeAI9xtlBVco5QabWmakqbp6PP08SRJJo4rpXBdn+EwZbvVJR70sUbv7uH0moE5GPEg4r1zKe2+AcJ8+2yg3CtYYLiZLvFnnUfYVvF9TfK5KyCptbza63M59oGXuZsM3guYMtELwt9uK85nTuUSUKc7OEe308Nqvbu8d6K3RdJecqs94O0P19BaIMRTQG3fANm7+bzSm+P1vrmvFenuyks305Q3+n0GxvBZQl+FOVzmir224nySJFjrAAFbnSHbzS5Gp5OEL5vBExwCN25FnL9+DmjmYFQ+U/8/xRtzNTnFDztVtlRyz8vN3haQwis/F0W8NYiwvPC5vFBZnO0FRHkrRMHV5jKbbZckGuwd0xpVNWb7SmvefKfNre1K/ooO1n6+dev3+ssJP+gO+Ci+9+Vm7whIzxhe6/dZVwpYhs+xsrUwAMq6ZBoUrTVgudU5RmsQEvW7+Uypks7Yo4Cim2h+8va7DIbXEeJpIEQIdb9dvGv/7+EqriVn+YuOpmf0PQn72wNiLetpyo97XQbmCBDwaU3Gu7VpYMpcA9BsKbo9RRwNS25ICZGyUheC69f6vPuJAAZkg8jlHqTzvjRlq/xpZ4ZLcXpPXLJnLy2ZofjzwYCPoiHwGFDd987v1jMJMEuSXGMYb5JEcWZplbljxCUZMNZ1ePvDDa7dcsh0R+Ez7c9guntzOR+d4U87XaJ7WN30toAkJrMOPOEAbwPfB9pkUO3vaBuLsxSoY+nRj7rEcUqa5M5deW3wkXUFUZTyxgefMIjeQog6GWcnQGEQ7G77+0s6AmVTdpQiNndfJXtvylqLAr5QqfCbjQZLbgRcB/4AeBVYY1QDte+bApuw2Y6JYkUax5N0LXOJ63DtRovX3p3HGAnMUih16CPEgLGTmM0ZFqKYpz5dnPTZgQCHUG7wK/Wf88167Z74dG+zSQhcYFZKvlmvExvDD7tdLscxhg+Bj4EvAv7n1Pk7vdQGlm22u3MZhxTz2UvlqSNgpODDKxtcvvFR6dWLgeMBKaL0q8fWurlyFowHgM7fawzMXuGRO/dZIESbBecKL9Wu8/fmJCd8/56qIN3bPdKXkjnX5aTv82uzsxxxXV7r9zkXx2ymKZq39xmMcn8Enb7OigokpL43BYgFKVGJ5o13EvrDqziimosiAUQ5MH5O8AQY5tO9ShOBrCTjqJmcNBlQlrA0c1XcsaeSD1l0N3jM13yp2uKF6gxPBlUWXJcwDx3d8V1v9wP3xlpia2lrzbpSrCUJ19KUS3HMhlIMc3l4MKpSUK88yeqypD7Tww12jyOLT5zWuXi1x3b7IuN1/YrsXZmY+STIXbKvQHjss2Ql4HfXmYKsnNYXA464mlU/5LgfcMzzOOp5o1rhu+USbwtIAUoK9LVmR2u2laKpNT2dTTfQeUDxYJrM1x250/cVIuHgLSohyCfFSmpS0nCymuF5x6HuOITy3uYn3tH1LqZDO46TiTDHoW8MUW6BHRyHHP5WTB93hSCUkqoQVKQklBL3PjKH9zRP3RWCqhAE+dSDYt2og/xdjV+EVgg7NwemqJ6/H7vt/wGb36E6sUtV4AAAACV0RVh0ZGF0ZTpjcmVhdGUAMjAyMS0wMy0yMlQwOTo1OToxNCswMTowMGHw/7cAAAAldEVYdGRhdGU6bW9kaWZ5ADIwMjEtMDMtMjJUMDk6NTk6MTQrMDE6MDAQrUcLAAAAIHRFWHRzb2Z0d2FyZQBodHRwczovL2ltYWdlbWFnaWNrLm9yZ7zPHZ0AAAAYdEVYdFRodW1iOjpEb2N1bWVudDo6UGFnZXMAMaf/uy8AAAAYdEVYdFRodW1iOjpJbWFnZTo6SGVpZ2h0ADEyOEN8QYAAAAAXdEVYdFRodW1iOjpJbWFnZTo6V2lkdGgAMTI40I0R3QAAABl0RVh0VGh1bWI6Ok1pbWV0eXBlAGltYWdlL3BuZz+yVk4AAAATdEVYdFRodW1iOjpTaXplADEyMDQwQkLXs1K3AAAAFnRFWHRUaHVtYjo6VVJJAGZpbGU6Ly9QTkc6pipnIgAAAABJRU5ErkJggg==', false, '{"lang": "fr", "writingMode": "direct", "writingSize": 1, "writingColor": "#000000", "notifications": true}', NULL, '["eyJ0eXAiOiJKV1QiLCJhbGciOiJIUzI1NiJ9.eyJleHAiOjE2MTcwMTg1NzYsInVzZXIiOnsiaWQiOjl9fQ.8sFENpFGblBB4yV_WN1pAQ0Tb--fP0Z25yKWXhc2Q_I", "eyJ0eXAiOiJKV1QiLCJhbGciOiJIUzI1NiJ9.eyJleHAiOjE2MTcwMjMzNjYsInVzZXIiOnsiaWQiOjl9fQ.x4Ss_kICJLxKpQkyIYAfr6ZX4kh1rMeLEgWgZAzQfGk", "eyJ0eXAiOiJKV1QiLCJhbGciOiJIUzI1NiJ9.eyJleHAiOjE2MTcwMjYyNzQsInVzZXIiOnsiaWQiOjl9fQ.2LAZV3odN41mtj2iPgSxgqZkAVKjbeQkL7aBbR33wJs", "eyJ0eXAiOiJKV1QiLCJhbGciOiJIUzI1NiJ9.eyJleHAiOjE2MTcwMzgyNTUsInVzZXIiOnsiaWQiOjl9fQ.rNpp7kdGN7Z1-IAx-CatALN47ROH2Gy7UdwR5oknud8", "eyJ0eXAiOiJKV1QiLCJhbGciOiJIUzI1NiJ9.eyJleHAiOjE2MTcxMTU0OTUsInVzZXIiOnsiaWQiOjl9fQ.axBnsqD8dwtoS6smBy3UjyB-dQdh_0Ncl418Bkm7zpg", "eyJ0eXAiOiJKV1QiLCJhbGciOiJIUzI1NiJ9.eyJleHAiOjE2MTcxMTY0MzAsInVzZXIiOnsiaWQiOjl9fQ.QNq1Tg5bQIdqD0NUj-u-VGd9HMDcDFi57AIuDl5Ppuo", "eyJ0eXAiOiJKV1QiLCJhbGciOiJIUzI1NiJ9.eyJleHAiOjE2MTcxMTg0NzAsInVzZXIiOnsiaWQiOjl9fQ.X1gxf-SFZzb3NPLL4ZDWw-ZBaMNURD-GSrtZO2Pn-Lc", "eyJ0eXAiOiJKV1QiLCJhbGciOiJIUzI1NiJ9.eyJleHAiOjE2MTcxMTg0OTksInVzZXIiOnsiaWQiOjl9fQ.ppcNr7wERdrSQVdJwN2uNQzz-2jL-5iZGy6PSN3pnfg", "eyJ0eXAiOiJKV1QiLCJhbGciOiJIUzI1NiJ9.eyJleHAiOjE2MTcxMTg2ODQsInVzZXIiOnsiaWQiOjl9fQ.6BDb1UpJvD7IE1ZWcsBhIQZKcC_YLvBXebTTL5QR32U", "eyJ0eXAiOiJKV1QiLCJhbGciOiJIUzI1NiJ9.eyJleHAiOjE2MTcxMTg3MTAsInVzZXIiOnsiaWQiOjl9fQ.vSPp6OP2Pc4yAJK4QVXsKwIjexa_xohELNB3TEc7lDE", "eyJ0eXAiOiJKV1QiLCJhbGciOiJIUzI1NiJ9.eyJleHAiOjE2MTcxMTg5NDAsInVzZXIiOnsiaWQiOjl9fQ.OqIfZY-EH1UHEdcIP53vV9EUmt-LeJJBTwrDQM3QKO0"]', NULL, '2021-03-16 11:09:45.006105', 0, NULL, '["stamp"]', NULL);
INSERT INTO users (id, login, email, password, firstname, lastname, picture, "isRest", preferences, substitute, refresh_token, reset_token, password_modification_date, failed_authentication, locked_until, signature_modes, x509_fingerprint) VALUES (13, 'jenny.jane@maarch.com', 'jenny.jane@maarch.com', '$2y$10$baWp0lOfWEtVVRoIxH935uet.Xas1gi9IU7dXJ6nbRoaGo7CDBoJa', 'Jenny', 'JANE', 'data:image/png;base64,iVBORw0KGgoAAAANSUhEUgAAAGQAAABkCAYAAABw4pVUAAAABGdBTUEAALGPC/xhBQAAACBjSFJNAAB6JgAAgIQAAPoAAACA6AAAdTAAAOpgAAA6mAAAF3CculE8AAAABmJLR0QA/wD/AP+gvaeTAAAAB3RJTUUH5QMWCiIS4RPgvAAAH7xJREFUeNrtndmTZcV95z+ZeZa7Vt1auqq6G2iWpqEFQiAQCNAyGskRsmSHQ5bCEw6HNS8T8z7/wbzPq58nxg8TjpmXWewYjzWjwdgoLBDQQIN6oRea7q6uvW7d9WyZOQ/nnHvPvXWraRC14OAXcersy/1987fmL7PEs28+a/mSjgzJw/6AL2mUvgTkiNGXgBwx+hKQI0ZfAnLE6EtAjhh9CcgRoy8BOWL0JSBHjL4E5IiRc9gf8KlJfML5L3gi6AsFiI0tRAb0BK4LC46EkkRI8YUF5mgCIsBaCxq8rsXdiinvGJ7pzrPY8ynFAscYpLWAQIj0pn7ZcLHW5WKtTTijCGYdEg+EFIgvCEBHDhAjwAksc+uW+6/Bd5YbnOzXWOgoal2LYwSSVHOlOIjB2ghL4jaIfMGdRsxr85u8s9Rh9ZSkWbcIVyLMYf/Cu5M4Sul3a2F+xfLi+z7fvVbnTLOKiTXWWjydaiEhxMCOCIrb6TkhBAKBFSAdRbtqeXuuySuPtnn/wZCdWZk+44jSkQDEWhCx5akLkj98e4qnl8uUQoHBEKuU6Z6GTDcNGFpkrNjjnBQCKRU75YS3ltr856+uc/MRifXkJzsIh0CHrrKsBadv+Obrgj97q8GJlgfGkGTMcnTKNysEWIsQIrUvE2j8nBACYy3WaKa6ku9db3B6s8Lf3tnib77eptdQyCMmLYcHiE1VkOwbfvArjz99Y5rpnkRbPfCSBgzOwMgpb/0584v7xe3ivsYitOCBpsufn1tgdkfwVy822VlykQXVd9h0uBISGL7xluAnb9aodwWazOJO8mrHQCgen3Qsp5FzAhJr8SPBH105hpvAf/r2Np1Fb8QeHSYdDiAWTGx4+EPDn/x6mrkdiUYPjLItqKZ8nW8XAdhLfRUlY69rVCL40fVjGAF/+Z0m3QUvdY0PGZSDT51YMNpS2jT80etVHthwsTaVjJzx+XbxWL4YYwbn8u297pv0zOJzVGL5/evz/MHbdZyuPhKx5KEAkoSG5887fO2GlzKIvQEotu5PYvI4aJOAKm4ba/Ei+NHFGZ68JDFaH3qEf7CAWNDasLBs+fYHPrV+5gWNMW+coUWp2Aus7OSIrRl/ziQgjbUsBSV+7/0a0xvp/mGCcqCAWGuxgeHxq4qvLLskYrIqKR4bufcukoGFSmOamcVjVCpVlJB3BWbwDCxWa15Yb3DmsoX4cEP5AwXEGEtt2/Ld9x2UZk+1MgmISaAUGe6UJPG3HqL/429Tfv5xKg8s4fulNIaZ8Jwi8MZaqqHkp5cXqK4mA4APgw7Oy7JAZHnghuWRVReDTVMcBSZJKSd6VkWa5DVJIfEfv4/Sj79HeelZeuuXiC9/RPlXb+NeuEO31RwAMP6cwfO05fR2mbNXJW8es+BzKCmWA5MQqy0ytDx3SeLp0eBtcM0nGO3xfQNoa6nM1Sh//zlKx54Eo6ksPsnMy99H/ekfY3//YerHZ3Ec564qz1jLVKj44fU53I3wwIE4eECMRbYNp1bcEXW1i8kTDPguBmb7Rmsc34MfnMD9+vMIDJgIki4SRenBJ6n+5N8gf/Yi9ZMLOFLd3RZpy+NbZb5yw0VH5lDU1sEAYlMJOXHbMNOTqSHdA4DBLXdzbbN7lBV4T9xP7Ts/QfnToCPApItJIAlx/RlK3/kZ4qcvUzkxh7Ri9/Oy9yRGMx94PH27Cu0Y+88VkLQ1Wx65Zan3BdZOjh+KIOVA7eW6WmNxljxqP3gcf+EExCEYPVysBjSYEKVK+C//GPHHL7H5iBmkaCZ5XEJbntgssbQqMPHBS8nBSIgBm8DMjsSLxQgjioy5F1c328BxHBrPPUXpq88htE4lwmZAmMLaGLARyqlQ/vaPqXzvCawn9mwMsUk426zz8E3vny8g1gJ9TbUvUZYRlfVJQeHEKBxwH53G/b1ncb1MVdmidJhRSTEadITjTbH08s9pvXAKzB5RPOAm8NRKmdK2wZqDReRgADGWWssw1RuNCe7FZgghBu5wfr42Xafyh0/jL94HcX/IeGuGUmLNEJj8uEmozD3AyW99j3DWxZo9pEQnfHN7ivpaqmoPUkr2HxALxsL8tmF+J5UO7B7GesJx13PxS/7guJCSykunaZz9BsKYArN1QWUV1NeYChNWUH7iGZynTsNdpHG+53D2tkL0D1ZKDgQQayyVHlT66b7reZRKpU9Oh2AJHpuj88A0aIMwFn3mJPZfPofwHNBxapyKjDdFUMbtSgI6plyd4/iTz6Oqpb3zXbHhm+t1ROtgE477Dkju31e6gmooMdbgeR7VahVgEEGP9/RZbfAXp/GeP4kJI7TWeNUSp156jsbCSdDJbsmwkySjAEy2L6xAP/0I5sQMJHrw3uL70YaHmmVUK8EmB6e2DsbLig3lDrgmfZ3runieh5QS13WZmZlhYXGR2fl5qtUqrusiXUnjpcd4uPQM9Ts9EiVIXj6L9/TjCCPGVJQeBaJoR4yZqL68qSXsmQeI1d59KFOB4PF1Bx0enLe1/7ksCzKyVLoWhRj8LqUUruex9NJz1P7FWWSwjolKRP0u7eu32Ug0/jefQd8SJGFEZX6aYy+/gFNqgO6ByJmU5ZsMIEXG9OywzM8JkLpwbYJyXPjqCZJfCJzI7mqaRkA9kDy9XOPtsx2cmkIcQHfivgNiDbiBZarFoIvUGIPWmpmlBab+7IfIWQe2YmRYxrH3UTrzGDO4eOVp+lOr2JMzlF88wfTiUtbSYzBx+vlCDJmZ5w9lBpTRw+0ieDZBKJ/pE6cJPR8bhSMSkCccPS052fLwOgY7axHqiw6ITXvlZjuWR1fS/VwtaK2ZmV1E1isZkwWYDtgSUrl4QoKOcOcd5v7gRapLDyKEAyYA2cvUEZlUFN85tp9fk6/zY8rgleuUK1WCVh8p5a5MssZwoiU4tSG5dsIiXfa9z33/JURbnL6l0k9dXkFaqKC1Zus+hwVpUFiQLsgumB6YaoaewXEqzJ79GgiZSoXsAAEYmTE6Sa8VgMyMr2FUBdlcMgZ/UrWFoVTy6RsDY6l/AC0Mjb7i2I7DldhgS4r9zsjvKyB5P0Npx1AxHtYOG1iSJDSdhDkMCkCVUk7KHSABW02lQJsULKVB9EFEqYIXDhRLdwSASpGQugCKGG4XbYuOkEmHkudirM0Kt4ckpcQC9VDRaDvoOEgDKrm/iOy7ypLaMrth8IzAWoOUab9EkiScvNDBDUKo+KDc7KYYZBtsH3BBqJQJefm6UcNjOYOxQ4bnCOX7RcMusuNWgLGIaBshGVGlOXleVoARJRzrCLyexU7bfTfs+w6IiuG+VYOTpPbEcRy01iRJQtBqY6MuouKD9LJ7bOpBiQiIGHDRKrBO2kpzngwMduZdpdXYKRC2cD5fUwBNGIi7GGv2TON4nkcQJzy2qZjbEWwugHTYVzuyr3GINSATy+y2QZlh4Vocx0RRRKfdIu5sp9wTWcu3GSiDxaRBoEl2JwzzJT/PpNgkKQSIxfgkxOpgpOolBwNSp8PzPBCC6a7E63EgAeL+BobGIiLLVFem0qIUxhiSJCGJE8IgYHvj1tAllf4YGMO8FyYHJmdyMpoe0TlAxWuKAJpREKMeJgqJ+sEAiIkVL0IwE7j4PYExdpdq+7xp/1RWmoqiupFQSVT221LvCiDRCTqydFfa2Kd0qpulm95kx+pss7zW4LmazEZkw3byWGQQh+RelSioKDE06CaCcIs46tPe2RmAUCyuyBuOVJJypPAiCwcgIfsGiM1a9+JKTD10BwFhnszTWqNCQfV6jNBx6tZKN7Mhk364SDk+MORk40UyMHJ3dzi2angbomDcNfQ3INig323R6XZxYWLL1zodLISBmZ5AHECH1b5KiLUwtZVQijyMNiMqASCJI+zaBtaECHwGkdfEoucMJKuH0jEeFIix7UHgKNLrbQS9VYiaWCHZ2u6TJAbHsuuFI93HxrDQlqho/zO/+ychgIoM8+sWN4bEJINzUmamy1jaO9s0WtuUpxdTKREqM9AjAcYov4zeJQjpgwsqatwNTjoQbEDUAeWiLcxe0UTREP9xKUmSZCAlJ5qgorTYbz9d330BxAJu3/DEqz2+dslBR8lARyulRvrG+70O3dZWBohK/UoTF7hdsB0jjNDD48UauHFbkiSQdCHcyZ6rgDJWC/q3NyAx6XDq/G0FW6K1HgDiJmnWIbeN+4XJ5wqIJXXvq+sJz//vLt94NaKxI4mzoa9KKRxn9JVhKyJaS+ABPZSQohGnAERxbHOuvgY2xBaASPsziLsQ98BkyUPrg62DM4PtdOhuddBWo+wod3PnIwfFGkM9UMgkJjlSXtaEVjFIHSWW8rbmgfcDvvGLPg9+qPFDSOQQjFw6BiWiAkyzT/nWDjybuU7SY5idzd9ZlJLih9hMvVEIBC3oEJIodX0H95ZAN0BUgArJ1iqmn1YoFlVVLh1FBwSgEkmEZlQaDwWQ7Ftl12CFIHENJjOmTmKpNzW1Vc3CRzFn3ww4dTGm1M+MdhY1u66L67oTh5olQUi0tYlNolQ3e3VI+pD0GEThuxrEmKSYJPPMkqx6vcg1kUX49RQU5YCAcKWN7qaqMf+WoturtR4UWOTfaw+gn+reJMSCs62pnxOUWorFfh9fJ1QDw/x6yNyyprGmkSbnoUBbg0Dgu96gd3C8JaY/1NDaXGe616FUqqc2pDQLfTJQ2GVOxoIU8szwBOQyoHwwpXRfOWAF0Z0NTKeLUGqkgQxcXYbOh8wzwPaI2BBrLOGURN1vOPZalzPnOixuG6qRxdFm0JC1sETS0vEMLSdmUVSYEj5KqL0jXGvZ2d5mPgfEmDTRWGpAYCAJRqUkZ/LIM8alqChBKlvywFBCEBFtNEmSBCdjem434jgefKvneQPIW16COYAO73uWEC0tzSVD6/uCq2d8Tl3qs3grptIxODr1QEIf7kwrbkw5PLWiOLNaQliBscNChnEp0dYSXO/Su7xC44W5lJ/GpOl1fwbYGUpKzvFxbEeM/R6GDsD1wHUJ1lfprC9DYUhCkiREUTSIlfIOq5yaXpImmie52wcOiATpSKxrSUqKrUWXHU9wfNohALbKAptNjFDtar55BX6w4VLWEoPZNXp2wCdrEVKQbGzz0V+/ipoRLD7yWNbITep1efWUA0mPob4ogMP4ofHzWfbY9aBUAmOIP/iY8M42IpOOJEkIgoAkSQYNpVwuj4whuTKnSXxZ9JAPCRCRzqaDB8qqtF/ZhVrX8MML0NiSfDxr6NQsrhXcv654aENRigVmDxM4ybj3z61wRbwKPzcsPXQmZaTJYg2nkq6TrEpRjBmVEZMyZl+EBM8Dz0MnCdtvvcf6/3qFpN9HCEEYhgRBQBzHg+/yPG/gnltr6UvN9VnQvsSV+zue/d4kRIBQAlESCFdgHVBNQxnFw2uW+7ck2gFpBY4GrMXc43xIwzlJIHhrmav67+n/q4j7H3sMh8IMDqoEyAyUeJijKuAy3Mnv8cGbBr9K1Glx9Z/eY+t/voba6CClJAxD+v3+wKPK+0BKpdJg3xGSD6Y7rE1rlOeljXMf6dPFITJloHQEQUVye0Hy6OW0kEzplEG6MFPPpNkXxoerFYetKSnpn7vDpfYb6J9bHnniEQQyKxe1IBU4JdAyrVrM3dsiOI5Kr1MlcGvglkFoNj74LRv/5VVUu0uUqagoika+Ly/gc113gG3P1bx2MmT7mKLsyTTQPzKAFCj04NxDgscuCpbWTNqQc5U9NtvCOChFYEbWWJTjYC7foPl/fDrHfOoz86C8QvSepemFyEpJ9eBcrA131rYIrEtj9hiO26XT2yC5ukb31XeJVteJ4pg4jneNOfR9n1qthud5GJO67EIJ3mp0eO9+jVP3kL48YhKSM1MJlCe5cVLy108afvq2w9yOGQx6GanKscMpMYrAjA/oLO4LKeFqh48vXWDxoftpzC7ieBUoSgsijVksA1dZS4dmt8W58+9ye1tT0TWOX7uJf6uJbHUxVu9qGI7jUC6XqVQquK47AEopybV6wH99tMfOiRKlukK4+1+XpU782xP//tOhka8ExsKdEnzsJMxEkrKWONrgIHBS/ZYOxIeJQeHIY8fAKZd9kjNl+nGHsN/FcxTKUQPPaACK44NXA6+O8mtMz85QdQ3bWyus3GrhLG8gwi4IkxauZAlO13Upl8vU63XK5fLAiKfnJddqIf/x0TbXH3Pxl3ycKQfpyX0vvv1sE5hZMInBtA3Rekx0J8S9HfLgzYSzG4J6qKhYh5Mtw3zHDuxyUVKKIIyvrbX49TLH/93LlGc9NleWcYRkdnaR+swxSuU6jlcGqUgrjSxRFBH0dtjZXKbb2sBi8WoNSlNz9MOY/j/doPXfzmNlmg5RSg3WOUkhEEry1lSbvzrd4+YZH/9+H3feRdXUEa5cFCCVhBp4uAgXkpri0kLChXaC6WtkEPLsR5qfXXaYidTIQJ1xUMbVmBCCTruDRrD0yGNUqjXWl2+xunaLreYG1eo0rl9BKIVOYnSS0O+1CPsdEJZaY4b54/cxNTuHdF1wFJudEldfvUXS642832iT9gArxaYX88qxHq88GLLxUInSCR931kWV1b7bjt8NEEiDRVci6qkrrGoKZ87B9A2mZ4j6hs2oR/+qpZENZR6faKwI0LjKSrRG6wTlKGYWlqjUp2iur7G9vkZze42RqjshUI5DY/4YjfljVBuzuH6JNMVgQAh02UdXfGynA0Jm3euCRBraPpybavP/7ou5cVJiT1QoLbgpGFWFcA5uLq3frT9EgHAEsioRvsCpOZjYkESGyu2Ir6/DbDC0I4PbPmHOK4HIhj4D1iCAUqXK4n2nmFs8Tr/TJgyDzKMDt1SmVKniel4qudKD8lJaJR9upXGRtRgD0loikdB2Dberlsv1Pm8ct6wcU5h5D3few51zUptRkgcKxu8OSA6KSKUEB0RkOHUx4Wuv9nnqPDgxWLF3xD4xRsFSnZ2hXq8hzDDLKoTA9XzcWX/k/cMNCygoLYLfgDDrYzGW0pxHc0bwD50O6/OGtWnNlSVFv+HgTjk4DQe/4aCmFKqiEJ5I1dQBz67x+fUY5h/e09Su9Fn4MEInllgIHJvOR5IPRxjM3GbtYErXvFMoimOc+Tme+NffZun0/Wm9FTAxhzVyOBMXfy6NzsMmBE3yToxSw+P/ypC/+GgZFZWolMvU6z6lJR93wcWZdpBliXAzIA5pVvzPtws3seiy5IMXy1w6IZn6MODMRxHHmprpSOJpibIiHdna08jI4lnLjHColkpIqfjl9jq3fcl/WHBwKj5Eye4XiUngWHCnwK1DuAnhdtpziAUlWd5o8/atTZIdjXvakKyGbFzvUXqwRO1sjfLpMv4DPk7DYTBT83g7+KIBggCUIKko+osuzZLg44c9TEdjegZWI8ztgHgrBpXwCD5Plqc4XfFwjtdxGzN8+E7Am+vr/PK9i5z62oM4gz72SVIxBo5JoLec5ruKvUhScm1tm49WNhFVSeVbFSr1Cq2dFvFyzMY/bGD+3lC7v0b5VJny6TKlUyVUQyF9ufudXxRAhBTIksSdFUhfEEtB2DP0ViKCawF6O8ZqjVdXLD00R8Ov0pyp8sq0YrWmcUXAtj9N+2+3+cd3rvOzH28yO7uYFliPDHEqvLSY3Y072fli804TlNc/Xuf26g7OYuo19eM+fs1HPC6IT8fEWzHhekjzzSbuGy6lWonKQxWqT1XxljzceRdZ2n899vkAkiddrcX0DcGNgOB6QPf9Lr2rPRKjMVMa96xDdb6KrAo6ruAd1Sd2ukgpcITCkz48bLHH4Te/XeXKtWWenzu2+3137f8YOy+h2wv44PIyOjGIRUkYh4MqosFlUxLREJRPlaEDnc0O7YttnHMOruNSe6JG9WwV/z4fb8FLwZETvudQAZGZ3djRhMsh3fe79K/26V7upl2hsxb7oEUek7hlFxzoixCJJNAxwkiUlml/uzIYaaAE6oTk49cDzl+6wXPPnEXijcYde6kv7JhXlHbvLfd7vHL9WhqWzGuCONiz2E0IgfUt8qREnBDoviZaj+i930O+ISlNlag8WKH6aJXyY2W8Yx6y9vmptc8OiIXoTkT7zTbt19sEqwFBK8DWLfaEhSkQ9dQV1kJjEoPQadqiuNgshWGMQUuNchTecY+uH/LrD2/ys50dphvHxjoLxzum7m5f1taaXP1oDeEJqEASJ8PClF3dwQzLUG2mhpckdsGS9BI6Ox06Fzu477r4sz7VB6pMPT9F5SsVVPV3z81/OkDyEidtaf+mzcb/2KB3qUcsY+yChYeBMuCSSk9gh9vCYpXFSJP2V2c5JW00UgxzSxaLbVh02fLW5S3W1taYbsxltmLMjtiRjYmksbzzzseEWwk0SFVVt3DLpFvz4m0LFosWevjOWaABcRgTNSO673VpXmgy88wM8z+axzvuHSwg1lhav25x+y9uE26G2OMWpgEPSIB2BkhW74bKFo/BEEDjpJUqRhmklkiVSkheKqRLGjGnWF/ps3x7lUdPn9n9qSPxR/HEqLT00fz3axfQPQvHs29s3eU3jlTX74F3PgqiIrAlSxAGrL29RtyNOf4nx/GWPjso9w5I9lH9q31W/nKFYDmAk9kT+kA2bByV/ei8XlplACUFcNz0WmssGo1xzEBijDFpleO0pHU74d3bq7zUa+OWG5kduUtVyQhAaXV8p9nl4vU76QhgV0CP3QzOPeRiXfA4IPk9kl0xqhACUzFsX9nG/YXL4k8WUTX1maL8ey4DwkLSTtj8m026F7qpVCSkP9DJlkw9IQvHHFI1kW+rDDx3eMyaoTrTWuN6LtQsrUTz649X+fP2DjOVxnC42ziNg5QPf3YkFz68Q/92lEqoJVVX46QZNfKC0W62MS96pPLeDI8bYdh+d5vKIxWmX5hO0/WfEpR7lhBrLN3zXZqvNLHCpvONBBljNUOpcDJA8mO5usq3c1B0YTsHR6TqLCaGarq/cbVHt9NiZsHsHlk1+LgxkHKAHMXfXb1Caz1Mn7+XuhqpTN0j3hl5/u77cgrbIduvbVN+uIy/6N/9OZ8VEGssSSth6++2iNfjVPQDhq29yNhcLRWlRo+BMX59QZ0JV6Rl/2WgClvNmDsrW5y8r49wKmPMvwtAUtBv93n3+k3iUCMqIlWt44N6BrfY3ZLwGal9vk33/S7ujJv2Mn6ugGTl7d3zXdq/aWONRcRiOM6vyOR8+IXLqHoqXlcEIh67P3+Gmy1luBNHXNxc4+kwwHUru+3FeL1vrvMdxYfX1li+tJOqFU3qcIwBMUJ3d9jumZJ2QvPVJtXHq/gn/U8F8CcCYo1F9zTNXzZJtpNhR5IpLIJRw50wKi1FhhdtSvG6orqLSWeWdgXL3YBLG03ioItbaezm4HhF/MD4Cs5fW+HW1Z30WJQ99yDIQvedLp13O5865XJ3QLIfF1wN6F3sYfWEGXFMYZ0zX7NbleU2xWFoU3Lm5xKVS10+DsMFmtBb0wS9DuWGRkg1+oGTJEQKwl7ExcvLdHrh8PsOsG8jXo1p/bpF/bk6ru9OLOz4TIDY2NI53yFcCe/er2wZGvZcdeWSkYztF897DG2MZCgxBvDT57a3E9qtFo1FjRBqhP+jH5CthGJlp825C7eJYj3yr/YOkjrvdeh+0GV6ZjrNEtzDN3yiLMUbMd0Pupi+ufcfZTKmR6TGv58t+XavsN/NtrvZfg8Is+3sCzdaMZvNDkbHDENoO+oGj8UKd1a2uXRjPd0/BDCQEK/EtF9vk+wk9zyR5t6A2NTzCG4E9C717ulhu8iQSkeUMTlndA5MkB3rTTjXJZUcAZeiDiu9HnHQn5zTGlQ1ZqOytOXt8x+z3syCjsMAJHtv6/UW4Y1wOGD0E+iuEmL6hu75Lslmcs86cCLZjLnjwPRIGR9OON5nYGeWgz5bQUS/285GShVGMk1Ia7SjmH985zo7neDQ/6tnvB7TeqOVdtD9LoBYY4k3YzrnOpjwU6iru1E+QjSf6GdcKvqF/V66FlLQ29T02glhPyiEIQVERoaaCW7f3OTC9bX0ssPFA5tYWr9qES6H9zR5zWRAshbdu9gjuBGwL1RUZzkYRduSLwJM0xJ1NVHYxxo9Kh0DKUmBsY7inYu3ubW6c7Cc34sshB+HtF5rYe7hX2DsKSEmMdjEpnVJWZZ33yh3k0N2OwDZRP6dniYMY+IoYigVY1IiIAhi3vjtTZpHQF3llGc6TGTYc6xlRhMBsdZCAuWHyzS+20grMWzaD2LNvRmnT//VDKUml46QQVfr+k5IECbE4egMoiNS4ihu3t7k3IVbaLPPA8rvhUwa3NaeqVF/rj5MRN6FJsYhQqQ9fbIqqX+jjokN7dfbhHfCtMVmrXFfW2BMOvViZh8221EqIXE6yGZYwZ1dbwEpuHhjnSs3N4fPyRlwCMKiphXVr1SZ/s403qJ3T9nfPQND6UicmoO36DH1whROw6H7fpfwekjcjHcVCewL2SwtLmGnH4O0aGUJS+6Y6FuEkiRRwpu/vUmzF6RD8ManaToIUASoKYV/0qd0upTms075aSGeLz9x4po9hyNYY7GxRXc0yVZCtB4Rr8aEt0OSrQQTmkHrPQiaq3k8cKxKqVLB8bIQfuSXCJJEc+3WBqvb3cnftc+A5CW1zoyDt+ThLaTlQ+6cOwAEdffvuOv4EGtSW6L7Gt3WJM0E3dLovsZG6ST79qAQgXsH/xDUkyAtQRWuQJYlqq5wprJa4apCuvc2PvGuuSwh0yHQSqUPVFWFmTOpdCT2wP/7zFEnIdNxidKTiLJA+jLdVvdeK3xv49TzIdGeQFZkCoTmwOtejzxl/fJCCoRTqJ7/FBL7/wFvRxLkykmIkAAAACV0RVh0ZGF0ZTpjcmVhdGUAMjAyMS0wMy0yMlQwOTozNDoxOCswMTowMLsb1DAAAAAldEVYdGRhdGU6bW9kaWZ5ADIwMjEtMDMtMjJUMDk6MzQ6MTgrMDE6MDDKRmyMAAAAIHRFWHRzb2Z0d2FyZQBodHRwczovL2ltYWdlbWFnaWNrLm9yZ7zPHZ0AAAAYdEVYdFRodW1iOjpEb2N1bWVudDo6UGFnZXMAMaf/uy8AAAAYdEVYdFRodW1iOjpJbWFnZTo6SGVpZ2h0ADEyOEN8QYAAAAAXdEVYdFRodW1iOjpJbWFnZTo6V2lkdGgAMTI40I0R3QAAABl0RVh0VGh1bWI6Ok1pbWV0eXBlAGltYWdlL3BuZz+yVk4AAAATdEVYdFRodW1iOjpTaXplADExMjU1QkKVkNb3AAAAFnRFWHRUaHVtYjo6VVJJAGZpbGU6Ly9QTkc6pipnIgAAAABJRU5ErkJggg==', false, '{"lang": "fr", "writingMode": "direct", "writingSize": 1, "writingColor": "#000000", "notifications": true}', NULL, '["eyJ0eXAiOiJKV1QiLCJhbGciOiJIUzI1NiJ9.eyJleHAiOjE2MTcwMjM2MTQsInVzZXIiOnsiaWQiOjEzfX0.4iQICAPpVBfbx-F9-0IFrUxKtcphWlhrgiEgB-uEtgU", "eyJ0eXAiOiJKV1QiLCJhbGciOiJIUzI1NiJ9.eyJleHAiOjE2MTcwMjYzMzQsInVzZXIiOnsiaWQiOjEzfX0.qw1OjcMU5KKuWAxasSuBOTFC0HDLPj-vF85RmH-tSoQ", "eyJ0eXAiOiJKV1QiLCJhbGciOiJIUzI1NiJ9.eyJleHAiOjE2MTcwMjY3ODMsInVzZXIiOnsiaWQiOjEzfX0.BS8AAKItLrOpQDUDGOduUqefozHDMamCi6hBFQwRSJA", "eyJ0eXAiOiJKV1QiLCJhbGciOiJIUzI1NiJ9.eyJleHAiOjE2MTcwMjc5NTUsInVzZXIiOnsiaWQiOjEzfX0.2QWpK6zoWUySxq7tJYU3k72o60r6fygnSZRqzB3gePU", "eyJ0eXAiOiJKV1QiLCJhbGciOiJIUzI1NiJ9.eyJleHAiOjE2MTcxMTYwNzYsInVzZXIiOnsiaWQiOjEzfX0.UQoQkVLvi4B-s_M1_9pPIzWbjkeno865zOvIORXDF94", "eyJ0eXAiOiJKV1QiLCJhbGciOiJIUzI1NiJ9.eyJleHAiOjE2MTcxMTYxMjYsInVzZXIiOnsiaWQiOjEzfX0.gE-BGSW3uDr-DyFhn3aIzKwGCA2K6HUWa9FNrMmZr58", "eyJ0eXAiOiJKV1QiLCJhbGciOiJIUzI1NiJ9.eyJleHAiOjE2MTcxMTY0MDIsInVzZXIiOnsiaWQiOjEzfX0.kDw0c77HI9hE43P4BB9FlWb91wu7y1y_Wq0bhk8eYwU", "eyJ0eXAiOiJKV1QiLCJhbGciOiJIUzI1NiJ9.eyJleHAiOjE2MTcxMTY1NjEsInVzZXIiOnsiaWQiOjEzfX0.r0w1et8Ic6LToIxMG9ESLJRL6wqpNa-LlS9ME3f9_bw", "eyJ0eXAiOiJKV1QiLCJhbGciOiJIUzI1NiJ9.eyJleHAiOjE2MTcxMTg3NzYsInVzZXIiOnsiaWQiOjEzfX0.HvKpp_wPNGb_D_cwgvwyk4kDrhTsxATNFY05tYvOp20", "eyJ0eXAiOiJKV1QiLCJhbGciOiJIUzI1NiJ9.eyJleHAiOjE2MTcxMTg4MjUsInVzZXIiOnsiaWQiOjEzfX0.lf8mV08NwbVb0TQ1_A6kArSxJ37roI3HLX9GvSQ5J44", "eyJ0eXAiOiJKV1QiLCJhbGciOiJIUzI1NiJ9.eyJleHAiOjE2MTcxMTk0ODIsInVzZXIiOnsiaWQiOjEzfX0.8N-aAu1zaMUuPTGn3IJCCzopg4D5d8LXgKsE5B6Kfi4"]', NULL, '2021-03-16 11:46:34.855599', 0, NULL, '["stamp"]', NULL);
INSERT INTO users (id, login, email, password, firstname, lastname, picture, "isRest", preferences, substitute, refresh_token, reset_token, password_modification_date, failed_authentication, locked_until, signature_modes, x509_fingerprint) VALUES (1, 'superadmin@maarch.com', 'superadmin@maarch.com', '$2y$10$jQ92TR/GwlcEIs8w8aF5humOhPEg9G2kjZLMk9Pgopo.ZOH5aoLIW', 'Super', 'ADMIN', 'data:image/png;base64,iVBORw0KGgoAAAANSUhEUgAAAGQAAABkCAYAAABw4pVUAAAABGdBTUEAALGPC/xhBQAAACBjSFJNAAB6JgAAgIQAAPoAAACA6AAAdTAAAOpgAAA6mAAAF3CculE8AAAABmJLR0QA/wD/AP+gvaeTAAAAB3RJTUUH5QMWCjIWrLw29AAADQlJREFUeNrt3Xuw3VV1B/DPvXknhFzCKzyMAQSR8BweIpSCiKJQbaHWIjBWK9rK1FL61GnHDqU+6mhbK2itVqxVZlAcWltaoXUURCziAwyIKOERwiMCIWASyL25d/WP9bvk5JJ7zu93zu/knBvud2ZNIDlnv75777X3euzDNPoKA71uQCtE/jEDu2EJFmMXLMRczCxkDMPYhPVYhzWFPIHRvu+sPiIktvznoBzgvXEUDseB2Au7YhF2xnzMmdCHkKQ8g6clEWvxOO7HCtyGlRjBaF8NQj+0pSBiUM74fXEKTsNyuRoWYnYNVY3iF3Ll3INv4n8lOU/qkxXUszY0EHEAXo4z8UpJwszt0LbN2ID/w3/g2/gxhntJzHavu4GIQ/CrOENuTfN6OA6b8RNch3/HLXpMTNcRKTOCZcElwe3BpiD6SEaDlcEngqOCWdFxz/sMsUV2D97Zp0RMlJHg/uAvg/2CwR2CmIZV8crgy8GGPhjsqsTcGLwpmD9lSWlYFbsEFwc/7YPB7UQeCT4aLB3v25RBAxkHBVcE6/tgQOuQ4eD64MRi1fc/CiIGgpOCGwol2euBrFvuCt4c/a7wCzIGgzOC2/pg4LopDwbvCub0JSkFGTML5TfV9UVZeSz402BBX5FSkDEjOD9Y3QcDtT3lqeB9fUVKoTN+o1jGvR6gXsi64D3B7J6SElvktODuPhiYXsoTwQXRq9NXAxlHBt/ugwHpB7k3eP342PSCjCXBVX0wEP0ktxSTtG1SBtv83iz8Ls7anpNhCuA4/Il0pLVFSiVCGip4Ld4piZnG1jgLvyXdzt1FsRSXBd/og+2hn+W+4PiurpCi8FkF+yd2nf2pjWX4A2lcrYRShDQUegzOM71VlcFr8Hqq6ZIqOmQB3iIjQKbRGrvgfCyt8qUqhByJN/a6l1MMJ+PV0ppRCi0JKQqag7crjnPTKI3ZeCv2LPuFsivkKJyqD+K4piCOluFNpcauKSENy+zXZBDbNKpjHs7F3DLbVpkV8hL8ku1x0dlxcZS8xbfEpIRMOOoe3useTXEskcfglkfgVitkPo6X8bXTaB8zcKwMGG+KVoQskdvVNDrHITi01Ye2SUjDslqGl/W6JzsI9pER/U23rWYrZKZcZnPrblnI6ObRHo7OZBgr2jbWneKPwFCzD8xs8m+zJSHt+ky2wqiM/V+Fm3FjUfn7sH93Ol8ZT+NvZUbP8fhlvFRmB9VkvDtUplusm+wDzQiZq8Se1wobZXbMrTI75maZYzYsmR4sBmGong63jc34HD4iJ85/yZPMkdL2cZLcuxd3Vs1B0tpxb6hwyy78HodHxh615RNYS1xLvJs4nJizlfd3iywiPtV7/0V8hzhokjYOEi8mziM+R9xPjLVXz2jwxsou3uILZ0fGHZWucJR4nLiSOIvYu+iMFnIa8UAPydhEXEQMlGjrEHES8RFiJbG5OiHvjQwqrEzIRcHGMhWNET8nvkScXsz6Vh1rlMXENT0k5A7i2Iptnksc0UBMyRUzFnwymphRmumQvZXQZeulXvgMrsdTVZgvsBZ34FdaNKhbuA/3VvzOs7hdJiVeg9+WSZItzLoDclwnNUM16/+uzb4YuBv/hC9jdYeD8nDRyZ3a+G7jbGvHHL1GnrDawYjMFl0hExR/Rx4Amszk3TQ5uTYjZNFk/dsg01b/Hj+UJ6ZOMaza2f9ZPCqPqPcV/7+rvA6/TJ7aylpDN+n8TvQ0rpbZou+QxOy27Y8OaZOQbV4IV+FyuTLWddiJRixS7qw/gjvxRTkpVhd/p+jlPGlaPVc6tPcoUeaQ9MA902EfxvAA/ho/kAFax3jeIM9VdSEXmuv6iSeom4k3ELMrKsBWMoO4vIRS3EB8Vh6jW53eFhDnED8ooXBvIJbV3CdFO68khreub3VUjUYpSrxuvJDNxFeLU0WZo2FVOaggu9mgPUv8HbFnhXIHiBOJW1uU/ShxZhf6hdi3aPf6LfU92C4hXw15Rv8CsV/FGb+wxCxWfOb3iI1NBmyU+FditzYH5VXEz1qQ8hnlj+sLiVkV6h8i/lxeloN7gqF2CLlqE/HPBctVBuBA4hPE8SU+eyLxoxaD9X3i0A5m6Ux58VvfpI61xNtKTKIlxAeJ11bcLRYQf0ysYUWwaEQFfBrDfOrzjC2t2PlB4mJihPhW0fAZk2wnJxDfbEHGxmIFlVltzWQfacppVtc9xLnEvEnau5y4oiD2amKnim3YiXgLd72D3d9bhZCZDFzKp5flwaFSpUuIWxo6eR/xYWluWFJsO0cS7yFWaK1wbypWXCdkjMsFxFMt6nuEuIw4pWjv7kV7/6hYqcMNnzu1vdW6YYA/U/GFo2PncGc7Cvw8Yt2ETo5IG9ePi+3pYambooWMEO+viQzEUuK2kvWuLdq7ohj8Zyd8ZpT42CSrv4Q8KqNAS7k29pF3nMoVzSH+pUSHy0rdp5+ZUnmP1tS+75rcQlxCVuCEiYM/kaE5Mrr9zCrLaRwHqjc85QlpK6oLo/ie9H3UgQOkv6RNHIo/NOFCP5GQl+Nd2nTbLlcxsrgFHsXPaywvpLOs0gmnCRZLq0AHBtEz8GYNPDQSsjPeLbesyhjAwTr2qG2Fx6SdqU48Ie1edeFgHQU8z5Nmr+cCSRoJeY0O4nd3xn41djSkbSlqLJMkow5j6DherBa37vmKhTZOyCK8qZOyd1LOkFcF3YhdHffj14U9tOcyaMAsvE4RvzDetuOk/mgbcyWrdWGgKK9uUnZWb1zTfB0TQnoNTmHLG7kn6FAfjxdUJ/ZSP8n7yqNkXZhRT79nyeSevQdluOixnZY4qn4FvIcMnawLAzhMvRNnpL5+H41lg3IiLu+0tPXy+eg6sat08NSF+XJfrpOQddp3/07AXjh0/CHjJXU0bGWNHSX35pPVt20dq4aZNwEr5VG6BszAYYNSd3S8rQ7L6MSaGvccTpBhnZ1ijkwDa5kPUBG3ygtsTdhvUI13uW/hux2WMf4TB+P3jxfJxPhOs01PkGFG48fKUZ0HNvwUX1PfzR+7DarnoXvwCD4uf4agKkZlKNAV+AsZTDGOs3GO9vf+pfJZhcag7v/BR2UoUztK+Rf4rHw4vkbMgvdrw+8xmcwgzid+olw037OFiftyGVI6r5DLbB2muYo4u7DYVmnPnkXZIw1lrSbOKP79SOIS6Xd5sqSVdw1xqeoRmi1kDDfBRXKC1lb4LOJk6ca9S3r9RgvZXPgafliY6i8kjvZ8L90hxPcmDMTPiLdKd2iZduwvA7kbfRmbiL+ZUN9M6QQ7p5gINxWm/00N7R4mHiS+QvxmhTZUJOTqAbm1XqkLeYQLpaVyf3mnmCGPxw/J7W2tPJ1ty141IJXwx21t7XwcV0k38z3S3tUYYDdTnspOwYW2jiIcw7Xyoa+HJ2nzAmkP36Ood6hoy1NyK35QHly6kNAT+OCAPAl+UWb3dA3jFssqxsLZeBsusXXM7GYZIPd1fEfqm+Fi8A6WWfqvkBNivN4x+Qsuvy8D7brZ7jaxQfqiLJKBiHUvwVpkHvF2k4fxbJZ+8rXF1rgtvbVJRtcf0Qf9aSK3yIQtpJNkbR80alKddCrxNc/3bTeT0UIXfEgm3PS6Hy3kAxrug0vk9trrRk0qAzKU50LiRpmPMiFE87lclQ0y2uXzBZFdUMB1y90K/3qjM+os/KP63Rq1YlAq3eOkNe4AW/ImnpHK+i6pW+6SOY59jk34MC414Y45T96VNuv9jCkts2Wo5q4yEK3NsJxeynWauD5ehH9T871kWiaVO5V4v/IQ/Pc0KV2Xu2UKSymP8mEydW5KbV9TRMZk4tkbVPRQH4BPyktqrzuxo8hmaSB+RdmVMRFDuAA/Mr2FdboqVuNDavBKj7uiPybzK6eJqSaPy+3/dDU/5DNX/mjwZdJzWZvJfgeVx/AVGQS3e9lBbidKcaEMfTxdWooPlkbSF/qbjCEveauk/+tafF8SE2UL6eTZ11mS+aPxKhlDsFS6hOf3enS2E0bkT3+vkSenb0gn00PazLKu6x3ecYvGcqlvlsuVc5h8cntHwjPSKnO3zJa4Qx56VtmiX9tGtx5GniP9O8fIn+h+nS2+nqmKYfmsy9W4Qfqr1ve6Ue1gsbyR/mfRgV4r26oyLPN8LpSRqL14H6cr2F0mA91u6pzQVstH5l5iaq/uSTEgozmvki7LXg/4ZDImI3x+XVrBd3gswV/JeIFeD/5E2YQvyWy1OlNJ+h7z5Bb2UA2DWJesxz/IR8ZekJglf1/jAb0n42lpaxrq9aD0GrPlj8X0cqVslMp7qNeD0S+Yg4ttiZvbnjIiQ4r7OpagF1gg31QesX0J+br0/UxjG1gqHTjbi4yVMidoGk3waul32R5642LTv8nYErPlHWU8b6dbco36E6p2WLxUxrp1i4yHpdFzGhVwsdxWukHIF9SS7//CwjLpb6ibjCdl6klf4v8BbTMu3DrHFeAAAAAldEVYdGRhdGU6Y3JlYXRlADIwMjEtMDMtMjJUMDk6NTA6MjIrMDE6MDBwuuakAAAAJXRFWHRkYXRlOm1vZGlmeQAyMDIxLTAzLTIyVDA5OjUwOjIyKzAxOjAwAedeGAAAACB0RVh0c29mdHdhcmUAaHR0cHM6Ly9pbWFnZW1hZ2ljay5vcme8zx2dAAAAGHRFWHRUaHVtYjo6RG9jdW1lbnQ6OlBhZ2VzADGn/7svAAAAGHRFWHRUaHVtYjo6SW1hZ2U6OkhlaWdodAAxMjhDfEGAAAAAF3RFWHRUaHVtYjo6SW1hZ2U6OldpZHRoADEyONCNEd0AAAAZdEVYdFRodW1iOjpNaW1ldHlwZQBpbWFnZS9wbmc/slZOAAAAEnRFWHRUaHVtYjo6U2l6ZQAzMzE3QkJmsWN2AAAAFnRFWHRUaHVtYjo6VVJJAGZpbGU6Ly9QTkc6pipnIgAAAABJRU5ErkJggg==', false, '{"lang": "fr", "writingMode": "direct", "writingSize": 1, "writingColor": "#000000", "notifications": true}', NULL, '["eyJ0eXAiOiJKV1QiLCJhbGciOiJIUzI1NiJ9.eyJleHAiOjE2MTcwMDcxNjAsInVzZXIiOnsiaWQiOjExfX0.-VW3K5q0WLwYVVddElsl-wvGuPnihTM9QPrSx__y9cc", "eyJ0eXAiOiJKV1QiLCJhbGciOiJIUzI1NiJ9.eyJleHAiOjE2MTcwMDc4MTQsInVzZXIiOnsiaWQiOjExfX0.AjiopYeE0PTPG7W09ABy4ABPXr-wpPSOORyE2gZWJa0", "eyJ0eXAiOiJKV1QiLCJhbGciOiJIUzI1NiJ9.eyJleHAiOjE2MTcwMTE2MDYsInVzZXIiOnsiaWQiOjExfX0.vmFhCrsmVSTtbGR4GpxLv19HL7pXppox4R39p4CPJ1I", "eyJ0eXAiOiJKV1QiLCJhbGciOiJIUzI1NiJ9.eyJleHAiOjE2MTcwMTE2NDMsInVzZXIiOnsiaWQiOjExfX0.VVMnsOvcjSKYqw0aupwi7BRtF6zxE-e4k1q09gRFUOk", "eyJ0eXAiOiJKV1QiLCJhbGciOiJIUzI1NiJ9.eyJleHAiOjE2MTcwMjY3NjYsInVzZXIiOnsiaWQiOjExfX0.lxKJSoUhBCwDgOewvMfiCEacNVmO_Xz7po8CRYC0RCU", "eyJ0eXAiOiJKV1QiLCJhbGciOiJIUzI1NiJ9.eyJleHAiOjE2MTcwMjc5MzMsInVzZXIiOnsiaWQiOjExfX0.2rkrgCtuOhgMKHmV7RQlUm4NsPw8gbeRixveBAVE9F0", "eyJ0eXAiOiJKV1QiLCJhbGciOiJIUzI1NiJ9.eyJleHAiOjE2MTcxMTYxMTIsInVzZXIiOnsiaWQiOjExfX0.ZjaWOYdaCSfRCXEsWs8PG3a8tgTuR0T1UPamKufcmmI", "eyJ0eXAiOiJKV1QiLCJhbGciOiJIUzI1NiJ9.eyJleHAiOjE2MTcxMTYzODEsInVzZXIiOnsiaWQiOjExfX0.3TWfVeLj7sNRGdbQ3t5wZ2TH94EV4p8BHxfwXVoqHIA", "eyJ0eXAiOiJKV1QiLCJhbGciOiJIUzI1NiJ9.eyJleHAiOjE2MTcxMTg4MTAsInVzZXIiOnsiaWQiOjExfX0.PIr02Tqe02ndVHbsJaLIYy-v1MMGY-vSj7G5eZWaBjk", "eyJ0eXAiOiJKV1QiLCJhbGciOiJIUzI1NiJ9.eyJleHAiOjE2MTcxMTg5ODIsInVzZXIiOnsiaWQiOjExfX0.Qfkd6y08dPErxErZpvMTLhI8un84JTxUaSc_exswsPc", "eyJ0eXAiOiJKV1QiLCJhbGciOiJIUzI1NiJ9.eyJleHAiOjE2MTcxMTk1NDAsInVzZXIiOnsiaWQiOjExfX0.WfXlLIwnZrgIRL_tqs9xTUec8mzpXd6rRps9OTL2g0k"]', NULL, '2021-03-16 11:31:10.861119', 0, NULL, '["stamp"]', NULL);

TRUNCATE TABLE users_groups;
INSERT INTO users_groups (id, group_id, user_id) VALUES (2, 2, 2);
INSERT INTO users_groups (id, group_id, user_id) VALUES (9, 3, 9);
INSERT INTO users_groups (id, group_id, user_id) VALUES (10, 3, 10);
INSERT INTO users_groups (id, group_id, user_id) VALUES (11, 4, 9);
INSERT INTO users_groups (id, group_id, user_id) VALUES (12, 1, 1);
INSERT INTO users_groups (id, group_id, user_id) VALUES (14, 3, 12);
INSERT INTO users_groups (id, group_id, user_id) VALUES (15, 5, 13);

TRUNCATE TABLE workflow_templates;
INSERT INTO workflow_templates (id, title, owner) VALUES (2, 'Mon modèle', 9);

TRUNCATE TABLE workflow_templates_items;
INSERT INTO workflow_templates_items (id, workflow_template_id, user_id, mode, signature_mode, "order") VALUES (1, 1, 3, 'visa', 'stamp', 1);
INSERT INTO workflow_templates_items (id, workflow_template_id, user_id, mode, signature_mode, "order") VALUES (2, 1, 4, 'sign', 'eidas', 2);
INSERT INTO workflow_templates_items (id, workflow_template_id, user_id, mode, signature_mode, "order") VALUES (3, 2, 12, 'visa', 'stamp', 1);
INSERT INTO workflow_templates_items (id, workflow_template_id, user_id, mode, signature_mode, "order") VALUES (4, 2, 10, 'sign', 'stamp', 2);

SELECT pg_catalog.setval('public.configurations_id_seq', 3, false);
SELECT pg_catalog.setval('public.docservers_id_seq', 5, true);
SELECT pg_catalog.setval('public.groups_id_seq', 5, true);
SELECT pg_catalog.setval('public.groups_privileges_id_seq', 21, true);
SELECT pg_catalog.setval('public.password_rules_id_seq', 8, true);
SELECT pg_catalog.setval('public.users_groups_id_seq', 15, true);
SELECT pg_catalog.setval('public.users_id_seq', 13, true);
SELECT pg_catalog.setval('public.workflow_templates_id_seq', 2, true);
SELECT pg_catalog.setval('public.workflow_templates_items_id_seq', 4, true);
